Actual	AmountOfSale	Channel	Comment	DateOfSale	Discount	Latitude	Longitude	Outlet	Product	TargetAmount	UnitsSold	ZipCode
1	4.95	2		03/18/2021	0			4	SKU-708		1	
1	11.66	2		01/12/2020	.1			23	SKU-195		1	
1	22.95	2		08/26/2022	0			13	SKU-601		1	
1	22.95	2		12/09/2021	0	42.950507999999999242	-72.783032000000005723	29	SKU-601		1	05341
1	1.95	2	Shopper complained about outrageous prices	04/03/2025	0	41.016809999999999547	-76.839816999999996482	29	SKU-296		1	17847
1	19.95			08/31/2024	0			4	SKU-199		1	
1	4.95			10/30/2020	0			1	SKU-708		1	
1	19.8	2		09/09/2024	0			5	SKU-708		4	
1	3.95	2		05/27/2021	0	40.001970999999997502	-75.296649999999999636	29	SKU-709		1	19003
1	2.66	2		04/08/2022	.1			22	SKU-101		1	
1	4.76	2		03/24/2022	.2			15	SKU-222		1	
1	5.95	2		09/18/2022	0			14	SKU-712		1	
1	4.46	2		02/03/2024	.1			12	SKU-223		1	
1	22.95	2		06/14/2025	0	29.775759000000000753	-95.312100999999998407	27	SKU-601		1	77020
1	4.95	1		07/08/2023	0			34	SKU-223		1	
1	20.66	2		10/01/2024	.1			15	SKU-601		1	
1	8.95	2		07/22/2021	0			32	SKU-900		1	
1	3.56	2		06/08/2023	.1	36.546368000000001076	-119.28152199999999538	28	SKU-709		1	93647
1	2.95			11/11/2024	0			17	SKU-101		1	
1	4.25	2		06/12/2024	0	35.102473000000003366	-84.713565000000002669	24	SKU-296		1	37361
1	1.95	2		12/22/2020	0			2	SKU-296		1	
1	4.46			03/28/2025	.1	43.555577999999997018	-86.344802999999998861	26	SKU-223		1	49446
1	4.46	2		12/30/2023	.1			1	SKU-223		1	
1	4.95	2		05/12/2025	0	30.053240999999999871	-95.377329000000003134	27	SKU-223		1	77373
1	2.66			11/06/2022	.1	42.263553000000001702	-88.133284000000003288	26	SKU-101		1	60084
1	2.98	2		04/15/2025	.5	34.052042999999997618	-118.25712699999999699	28	SKU-712		1	90071
1	5.95	2		04/27/2025	0			9	SKU-222		1	
1	4.95	1		10/06/2021	0			5	SKU-223		1	
1	1.04	2		12/28/2023	.1			12	SKU-451		1	
1	4.25	2		05/06/2025	0			9	SKU-204		1	
1	6.95	2		09/07/2022	0			34	SKU-928		1	
1	3.56	2		09/03/2023	.1			14	SKU-709		1	
1	2.36	2		12/11/2023	.2			6	SKU-296		1	
1	4.95	2		05/01/2024	0			34	SKU-708		1	
1	14.04	2		05/07/2024	.1			14	SKU-296		8	
1	2.95	2		06/07/2024	0			1	SKU-296		1	
1	22.95	1		03/12/2021	0			23	SKU-601		1	
1	3.48	2		03/24/2021	.5			7	SKU-928		1	
1	5.95	2		05/02/2024	0			35	SKU-222		1	
1	20.66	2		02/09/2023	.1	34.967799999999996884	-115.57757399999999847	28	SKU-601		1	92351
1	7.8	2		06/27/2022	0	40.856681000000001802	-73.116750999999993609	25	SKU-296		4	11755
1	4.25	2		02/08/2025	0			5	SKU-204		1	
1	22.95	2		04/20/2022	0			6	SKU-601		1	
1	19.8	2		02/06/2020	0	30.689910999999998608	-94.407588000000004058	27	SKU-223		4	77624
1	3.96	2		10/31/2022	.2	42.981788000000001659	-75.438309000000003834	29	SKU-708		1	13328
1	6.95	2		05/09/2024	0			2	SKU-928		1	
1	11.9			10/18/2021	0	47.450209000000000969	-122.32611199999999486	30	SKU-712		2	98148
1	34.65	2		11/14/2021	0			9	SKU-223		7	
1	8.95			09/21/2024	0			1	SKU-900		1	
1	34.65			07/17/2020	0			33	SKU-223		7	
1	4.95	2		10/26/2024	0			18	SKU-708		1	
1	2.95	2		07/29/2024	0			22	SKU-192		1	
1	4.95	2		04/27/2022	0			2	SKU-708		1	
1	15.6	2		09/27/2024	0			20	SKU-296		8	
1	6.95	2		04/19/2024	0			2	SKU-928		1	
1	19.8	2		04/26/2020	0			5	SKU-223		4	
1	22.95	2		04/13/2020	0			6	SKU-601		1	
1	19.95	1		07/27/2020	0			9	SKU-199		1	
1	3.56	2		07/28/2023	.1			1	SKU-709		1	
1	4.46	2		04/07/2022	.1			35	SKU-223		1	
1	5.95	2		06/30/2023	0			34	SKU-222		1	
1	4.46	2		01/11/2024	.1	28.699256999999999351	-97.378320999999999686	27	SKU-223		1	77963
1	15.6	2		03/02/2022	0			16	SKU-287		8	
1	1.15	2		04/28/2024	0	41.939920000000000754	-87.652805000000000746	26	SKU-451		1	60657
1	19.95	2		06/04/2025	0			2	SKU-199		1	
1	39.6	2		08/29/2022	0	40.882519999999999527	-74.383013000000005376	29	SKU-223		8	07034
1	4.25			03/02/2020	0	40.709476000000002216	-73.956282999999999106	29	SKU-296		1	11211
1	19.95	2		05/08/2025	0	42.957585000000001684	-75.483806999999998766	29	SKU-199		1	13425
1	8.95	2		07/11/2023	0			22	SKU-900		1	
1	3.95	2		07/20/2025	0			17	SKU-203		1	
1	4.95	2		11/11/2021	0			1	SKU-708		1	
1	3.83	2		12/10/2022	.1			4	SKU-204		1	
1	12.95	2		03/22/2025	0			1	SKU-195		1	
1	5.95			08/31/2022	0			20	SKU-222		1	
1	19.95	2		11/16/2021	0			4	SKU-199		1	
1	3.83	2		05/01/2025	.1	45.285820999999998548	-123.83562799999999981	30	SKU-296		1	97112
1	4.95	2		12/12/2024	0			1	SKU-708		1	
1	13.37	2		08/31/2020	.1	29.685209000000000401	-95.401677000000006501	27	SKU-223		3	77054
1	22.95	2		03/30/2025	0			17	SKU-601		1	
1	5.85	2		01/04/2022	0	42.361882000000001369	-87.852585000000004811	26	SKU-296		3	60085
1	2.66	2		08/17/2025	.1			34	SKU-101		1	
1	4.95	1		06/08/2022	0			14	SKU-708		1	
1	17.96	1		05/25/2022	.1			12	SKU-199		1	
1	1.48	2		03/08/2024	.5			1	SKU-296		1	
1	5.95	2		09/08/2024	0			1	SKU-222		1	
1	17.96	2		05/22/2021	.1	42.254083999999998866	-71.774625999999997816	25	SKU-199		1	01604
1	14.04	2		01/28/2024	.1			5	SKU-296		8	
1	4.95	2		06/28/2022	0			34	SKU-708		1	
1	8.5	2		10/01/2021	0			3	SKU-204		2	
1	4.25	2		10/04/2023	0			1	SKU-204		1	
1	3.51	2		12/10/2024	.1			5	SKU-287		2	
1	64.75	2		04/05/2022	0	41.692779999999999063	-90.307120999999995092	26	SKU-195		5	61242
1	43.79	2		02/03/2020	.1			34	SKU-928		7	
1	8.06	2		08/06/2022	.1	41.540573999999999443	-87.683736999999993599	26	SKU-900		1	60422
1	18.36	2		12/06/2023	.2			2	SKU-601		1	
1	19.95	2		01/16/2024	0			2	SKU-199		1	
1	4.46	2		07/28/2022	.1	45.073726999999998099	-122.78561100000000294	30	SKU-708		1	97362
1	6.95			12/24/2023	0	29.298272000000000758	-94.792969999999996844	27	SKU-928		1	77550
1	1.95	2		02/12/2023	0			18	SKU-296		1	
1	5.95	2		09/13/2020	0			21	SKU-222		1	
1	22.95	2		06/02/2025	0			35	SKU-601		1	
1	68.85	2		06/15/2025	0			2	SKU-601		3	
1	4.95	2		04/30/2024	0			18	SKU-708		1	
1	4.46	2		06/03/2021	.1	43.232588999999997271	-86.249190999999996166	26	SKU-708		1	49440
1	4.95	2		04/06/2022	0			18	SKU-708		1	
1	5.56	2		07/04/2024	.2	42.885590000000000543	-71.946963999999994143	29	SKU-928		1	03458
1	77.7	2		12/03/2023	0			21	SKU-195		6	
1	3.56	2		01/22/2023	.1			8	SKU-709		1	
1	22.95	1		09/03/2023	0			1	SKU-601		1	
1	17.96	2		11/03/2020	.1			8	SKU-199		1	
1	1.95	2		07/16/2022	0			2	SKU-296		1	
1	6.95	2		11/04/2021	0			35	SKU-928		1	
1	17.82	2		08/24/2022	.1			6	SKU-708		4	
1	5.56	2		08/24/2025	.2			5	SKU-928		1	
1	8.95	2		03/19/2021	0	42.922902000000000556	-88.846688999999997804	26	SKU-900		1	53538
1	3.96	2		09/05/2023	.2			22	SKU-223		1	
1	39.6	2	Shopper commented on freshness	01/04/2025	0			34	SKU-223		8	
1	20.66	2	Customer complained about freshness	06/08/2025	.1			33	SKU-601		1	
1	3.95	2		06/23/2025	0			8	SKU-709		1	
1	14.75	2		03/16/2023	0			17	SKU-192		5	
1	12.95	2		06/18/2025	0			5	SKU-195		1	
1	21.42	2		01/01/2024	.1			35	SKU-222		4	
1	2.66	2		03/08/2022	.1			34	SKU-192		1	
1	5.95	2		06/29/2021	0			1	SKU-222		1	
1	34	2		04/23/2020	0			9	SKU-204		8	
1	20.66	2		01/21/2021	.1	34.115485999999997091	-118.08565799999999512	28	SKU-601		1	91775
1	4.95	1		11/15/2024	0			2	SKU-708		1	
1	5.95	2		07/06/2023	0	34.069887999999998839	-118.34917500000000246	28	SKU-222		1	90036
1	4.95	2		09/18/2022	0			23	SKU-708		1	
1	4.95	2		05/27/2021	0			3	SKU-223		1	
1	9.98	2		05/28/2020	.5			17	SKU-199		1	
1	8.95	2		06/25/2025	0			9	SKU-900		1	
1	4.25	2		06/06/2024	0	39.790204000000002793	-85.814102000000005432	26	SKU-296		1	46140
1	22.95			03/18/2023	0			4	SKU-601		1	
1	17.96	2		02/16/2023	.1			9	SKU-199		1	
1	19.95	2		03/09/2024	0			2	SKU-199		1	
1	4.46	2		06/20/2022	.1			2	SKU-223		1	
1	4.95	2		08/30/2025	0			15	SKU-708		1	
1	.98	2		01/02/2025	.5			4	SKU-296		1	
1	4.46	2		08/24/2024	.1			4	SKU-223		1	
1	1.95	2		05/07/2023	0	39.992466999999997767	-75.141504999999995106	29	SKU-296		1	19133
1	15.93	2		08/10/2024	.1			35	SKU-101		6	
1	9.44	2		12/03/2020	.2			21	SKU-192		4	
1	28.44	2		03/29/2023	.1			34	SKU-709		8	
1	2.95	2		10/08/2021	0	39.777709999999999013	-89.417692000000002394	26	SKU-101		1	62545
1	11.9	2		08/11/2024	0			19	SKU-222		2	
1	19.95	2		02/15/2024	0			1	SKU-199		1	
1	12.95	2		02/13/2025	0			14	SKU-296		1	
1	4.95			03/20/2022	0	41.334744999999998071	-72.308561999999994896	29	SKU-708		1	06371
1	71.82	2		12/11/2022	.1			33	SKU-199		4	
1	119.7	2		10/11/2023	0			6	SKU-199		6	
1	7.97	2		03/04/2025	.1			20	SKU-101		3	
1	22.95	2		04/25/2025	0			3	SKU-601		1	
1	4.95	2		01/14/2024	0			21	SKU-223		1	
1	6.26	2		02/24/2024	.1			2	SKU-928		1	
1	1.15	2		05/12/2023	0			9	SKU-451		1	
1	3.96	2		08/14/2024	.2			34	SKU-708		1	
1	20.66	2		09/11/2021	.1			1	SKU-601		1	
1	2.66	2		11/29/2021	.1			5	SKU-296		1	
1	22.95	2		04/08/2024	0			34	SKU-601		1	
1	5.36	2		03/02/2024	.1			9	SKU-222		1	
1	1.95	2		11/28/2021	0			5	SKU-287		1	
1	42.96	2		02/01/2023	.2			1	SKU-900		6	
1	3.16	2		06/28/2020	.2	32.796922999999999603	-117.24053399999999669	28	SKU-709		1	92109
1	4.25	2		04/13/2022	0			23	SKU-296		1	
1	3.83	2		11/09/2023	.1			1	SKU-204		1	
1	23.7			07/10/2024	0			18	SKU-709		6	
1	8.06	2		07/27/2024	.1			34	SKU-900		1	
1	159.6	2		10/09/2022	0			2	SKU-199		8	
1	3.95	1		02/09/2024	0	47.517293000000002223	-120.50327400000000466	30	SKU-709		1	98815
1	8.95	2		06/24/2021	0	40.676346999999999809	-73.796595999999993864	29	SKU-900		1	11436
1	29.7	2		02/24/2021	0	32.955533000000002631	-117.22520099999999843	28	SKU-223		6	92130
1	5.36	2		04/19/2023	.1			14	SKU-222		1	
1	.92	2		09/18/2021	.2			2	SKU-451		1	
1	6.95	2		01/14/2024	0			34	SKU-928		1	
1	6.95	2		10/26/2020	0	31.075056000000000011	-97.746735999999998512	27	SKU-928		1	76542
1	91.8	2		07/05/2021	.2			6	SKU-601		5	
1	6.26	2		01/23/2024	.1	33.819079999999999586	-117.97498500000000376	28	SKU-928		1	92804
1	19.95	2		10/07/2024	0			2	SKU-199		1	
1	5.95	2		05/30/2020	0	29.784168999999998561	-95.230134000000006722	27	SKU-222		1	77013
1	14.85	2		01/09/2021	0	28.464401999999999759	-98.055391999999997666	27	SKU-708		3	78060
1	3.95	2		10/09/2023	0			1	SKU-709		1	
1	17.78	1		05/11/2021	.1			4	SKU-709		5	
1	29.75	2		03/29/2024	0			15	SKU-222		5	
1	22.95			05/16/2024	0	39.922769999999999868	-85.160090999999994211	26	SKU-601		1	47346
1	17	2		05/10/2023	.5			35	SKU-204		8	
1	1.95	2		10/10/2022	0			9	SKU-296		1	
1	17.96	2		07/27/2023	.1			20	SKU-199		1	
1	6.26	2		08/19/2020	.1			6	SKU-928		1	
1	10.71	1		08/10/2022	.1			6	SKU-222		2	
1	1.95			09/06/2022	0			5	SKU-287		1	
1	5.36	2		09/16/2024	.1	32.864558000000002381	-86.956708000000006109	24	SKU-712		1	36793
1	4.46	2		02/22/2021	.1			35	SKU-223		1	
1	3.96	2		06/15/2021	.2	43.552208000000000254	-72.956096000000002277	29	SKU-223		1	05759
1	2.95	2		01/23/2024	0	44.285150999999999044	-87.805481999999997811	26	SKU-101		1	54227
1	19.95	2	Customer was happy about coupons	05/05/2023	0			34	SKU-199		1	
1	4.95	2		12/24/2020	0			1	SKU-708		1	
1	15.96	2		04/28/2025	.2	41.457523000000001901	-74.165880000000001359	29	SKU-199		1	12575
1	4.95	2		01/23/2020	0			1	SKU-708		1	
1	8.95	2		11/11/2022	0			1	SKU-900		1	
1	8.85	1		07/19/2024	0			17	SKU-101		3	
1	4.95	2		12/27/2021	0			6	SKU-708		1	
1	5.95	2		07/02/2022	0	32.296484999999997001	-96.013693000000003507	27	SKU-712		1	75124
1	8.95	2		05/08/2024	0			9	SKU-900		1	
1	8.06	2		11/01/2024	.1			2	SKU-900		1	
1	3.95	2		07/12/2022	0			4	SKU-709		1	
1	19.95	2		01/02/2024	0	33.543418000000002621	-116.11584000000000571	28	SKU-199		1	92274
1	1.76	2		12/01/2022	.1	40.856217999999998369	-74.022962000000006811	29	SKU-296		1	07660
1	17	2		04/03/2020	0			19	SKU-204		4	
1	1.76	2		04/15/2023	.1			9	SKU-287		1	
1	6.95	2		07/19/2025	0			3	SKU-928		1	
1	19.95	2		12/24/2020	0	45.083789000000002999	-120.66489500000000134	30	SKU-199		1	97033
1	2.95	2		11/27/2023	0	41.896805000000000518	-85.992272999999997296	26	SKU-101		1	49031
1	19.95	1		03/17/2022	0	36.569524000000001251	-119.61702599999999563	28	SKU-199		1	93662
1	4.95			04/08/2024	0	33.572366999999999848	-117.70890599999999892	28	SKU-223		1	92656
1	3.83	2	Shopper ranted about freshness	06/11/2025	.1			5	SKU-204		1	
1	8.06	2		06/22/2025	.1			20	SKU-900		1	
1	4.95	1		06/04/2022	0			2	SKU-708		1	
1	79.8	2		02/13/2024	0			35	SKU-199		4	
1	4.95	2		11/09/2024	0			34	SKU-708		1	
1	5.36	2		12/26/2021	.1			12	SKU-222		1	
1	11.85	2		05/20/2024	0			1	SKU-709		3	
1	14.85			02/14/2025	0			1	SKU-708		3	
1	3.56	2		07/06/2023	.1			3	SKU-709		1	
1	2.36	2		12/28/2023	.2			3	SKU-192		1	
1	1.95	2	Customer complained about prices	03/15/2022	0	34.398456000000003029	-118.55352000000000601	28	SKU-296		1	91355
1	22.95	2		05/24/2024	0			22	SKU-601		1	
1	1.98	2		06/21/2021	.5			9	SKU-709		1	
1	39.9	2		01/02/2023	0			34	SKU-199		2	
1	57.28	2		02/25/2022	.2	32.507283000000001038	-94.533308000000005222	27	SKU-900		8	75650
1	5.95	2		11/14/2023	0	39.882748999999996897	-75.092889999999997031	29	SKU-222		1	08059
1	35.64	2		05/01/2025	.1	43.462135000000003516	-73.273071999999999093	25	SKU-708		8	12837
1	3.56	2		08/28/2023	.1	41.205913000000002456	-74.817218999999994366	29	SKU-709		1	07851
1	15.8	2		01/30/2022	0			4	SKU-709		4	
1	1.95			09/23/2024	0	40.733930000000000859	-74.005420999999998343	29	SKU-296		1	10014
1	8.95	2		10/25/2022	0			14	SKU-900		1	
1	3.95	1		03/31/2024	0			2	SKU-709		1	
1	4.95			07/20/2024	0			11	SKU-223		1	
1	1.95	2		03/18/2024	0			5	SKU-287		1	
1	4.95	2		06/03/2025	0	29.832391000000001213	-95.472031000000001199	27	SKU-708		1	77092
1	14.75	2		03/06/2025	0			34	SKU-192		5	
1	17.85	2		05/08/2020	0	41.619360000000000354	-73.678327999999993381	29	SKU-222		3	12570
1	2.66			12/25/2022	.1			3	SKU-296		1	
1	2.95	2		08/13/2022	0	33.531666999999998779	-116.58195399999999608	28	SKU-101		1	92561
1	2.36	2		01/18/2022	.2			5	SKU-296		1	
1	1.76	2		07/10/2024	.1			14	SKU-296		1	
1	8.91			06/11/2024	.1			22	SKU-708		2	
1	3.56	2		10/09/2024	.1			23	SKU-709		1	
1	6.95	2		04/14/2025	0			5	SKU-928		1	
1	4.46	2		04/06/2025	.1			6	SKU-223		1	
1	1.76	2		11/30/2021	.1			32	SKU-296		1	
1	22.95	2		04/03/2024	0	41.204399999999999693	-73.135593999999997549	29	SKU-601		1	06497
1	3.95	2		01/06/2022	0			2	SKU-203		1	
1	7.9	1		08/18/2022	0			2	SKU-203		2	
1	1.95	2		04/15/2022	0			4	SKU-296		1	
1	6.95	2		05/25/2024	0	41.332144999999997026	-75.281910999999993806	29	SKU-928		1	18426
1	4.95			05/07/2024	0	40.913882999999998446	-74.586340000000006966	29	SKU-223		1	07885
1	1.98	2		12/11/2020	.5	39.649487000000000591	-86.868613999999993779	26	SKU-203		1	46135
1	1.76	2		12/15/2021	.1			2	SKU-287		1	
1	1.95			09/12/2020	0			6	SKU-296		1	
1	22.95	2		02/03/2020	0			16	SKU-601		1	
1	8.95	2		03/15/2025	0			18	SKU-900		1	
1	5.36	2		04/18/2021	.1			2	SKU-296		1	
1	5.85	2		01/23/2025	0	30.272144000000000829	-97.686797999999996022	27	SKU-296		3	78721
1	2.48	2		04/18/2023	.5	33.447305999999997538	-116.79969300000000487	28	SKU-708		1	92536
1	5.95	2		04/12/2025	0			1	SKU-222		1	
1	2.95	2		05/14/2025	0	46.295605000000001894	-122.64769599999999627	30	SKU-101		1	98649
1	19.95	2		10/23/2022	0			15	SKU-199		1	
1	22.95	2		04/26/2024	0			4	SKU-601		1	
1	8.06	2		01/24/2022	.1			19	SKU-900		1	
1	3.95	2		07/12/2024	0	34.491123999999999227	-117.90289300000000594	28	SKU-709		1	93553
1	12.95	2		11/24/2024	0			35	SKU-195		1	
1	3.56	2		07/17/2023	.1			22	SKU-709		1	
1	19.95	2		04/11/2023	0			1	SKU-199		1	
1	5.95	2		08/18/2024	0			4	SKU-296		1	
1	1.95	2		04/02/2020	0			34	SKU-296		1	
1	1.95	2		12/26/2022	0			3	SKU-296		1	
1	2.95	2		01/31/2023	0	42.076461999999999363	-87.724571999999994886	26	SKU-192		1	60091
1	4.46	2		12/10/2020	.1			17	SKU-708		1	
1	2.95			04/15/2025	0	29.903977999999998616	-96.885987999999997556	27	SKU-101		1	78945
1	2.95			03/04/2025	0			4	SKU-192		1	
1	1.76	2		04/18/2025	.1			32	SKU-287		1	
1	5.95	2		10/19/2021	0			6	SKU-222		1	
1	3.56	2		03/04/2023	.1			12	SKU-709		1	
1	17.96	2		09/27/2023	.1			1	SKU-199		1	
1	5.95	2		05/05/2023	0			2	SKU-222		1	
1	8.95	2		12/27/2024	0			2	SKU-900		1	
1	5.95	2		05/22/2024	0	33.498314000000000589	-117.09577400000000579	28	SKU-222		1	92592
1	4.46	1		07/27/2020	.1			6	SKU-223		1	
1	1.15	2		01/22/2020	0			35	SKU-451		1	
1	17.96	2		07/07/2021	.1			14	SKU-199		1	
1	1.95			06/02/2024	0			34	SKU-287		1	
1	3.95	2		06/01/2021	0	41.314214999999997246	-72.882553999999998951	25	SKU-203		1	06513
1	15.96	2		11/29/2023	.2			12	SKU-199		1	
1	3.83	2		11/27/2020	.1			20	SKU-204		1	
1	2.98	2		08/22/2025	.5			17	SKU-712		1	
1	2.66	2		03/21/2021	.1			13	SKU-101		1	
1	4.95	1		08/24/2020	0			10	SKU-708		1	
1	8.06	2		04/21/2025	.1			18	SKU-900		1	
1	71.6	2		03/20/2025	0	42.237174000000003104	-74.307924999999997339	29	SKU-900		8	12407
1	5.36		Shopper commented on outrageous prices	02/03/2022	.1			6	SKU-222		1	
1	1.76	2		09/24/2022	.1			12	SKU-287		1	
1	3.83	2		11/02/2024	.1	42.910468000000001609	-87.864626000000001226	26	SKU-296		1	53172
1	1.95	2		10/02/2021	0	40.678936999999997681	-74.560462999999998601	29	SKU-287		1	07920
1	55.08	1		12/04/2020	.2	40.758180000000002962	-74.991360999999997716	29	SKU-601		3	07882
1	4.95	2		08/28/2022	0			13	SKU-223		1	
1	1.95	2		01/17/2020	0	41.842472000000000776	-71.355937999999994758	29	SKU-296		1	02916
1	9.75	2		03/06/2021	0	34.200567999999996971	-118.48682100000000616	28	SKU-296		5	91406
1	143.64	2		07/11/2021	.1	35.329500000000003012	-83.578406000000001086	24	SKU-199		8	28702
1	4.46	2		08/13/2025	.1			12	SKU-708		1	
1	5.36	2		09/27/2024	.1			35	SKU-222		1	
1	51.8	2		07/27/2021	0			5	SKU-195		4	
1	2.95	2		04/22/2024	0			13	SKU-192		1	
1	22.95	1		01/19/2024	0			14	SKU-601		1	
1	4.46	2		03/20/2025	.1	33.783593000000003314	-82.909975000000002864	24	SKU-223		1	30660
1	22.95	2		06/19/2024	0			1	SKU-601		1	
1	4.95	2		08/13/2025	0	33.822968000000003031	-118.26835199999999304	28	SKU-708		1	90745
1	4.25	2		05/27/2023	0			1	SKU-204		1	
1	1.56	2		04/04/2021	.2			34	SKU-287		1	
1	17.78	2		12/24/2024	.1			12	SKU-203		5	
1	4.25	2		02/09/2025	0			2	SKU-204		1	
1	4.95	2		06/18/2025	0			1	SKU-708		1	
1	125.69	2		07/22/2025	.1			34	SKU-199		7	
1	17.96	2		09/10/2021	.1	30.087358999999999298	-98.410662999999999556	27	SKU-199		1	78606
1	4.95	2		01/15/2025	0			2	SKU-223		1	
1	8.95	2		12/10/2024	0			12	SKU-900		1	
1	5.36	2		01/31/2022	.1			9	SKU-222		1	
1	26.73	2		06/04/2020	.1			5	SKU-223		6	
1	7.9	2		08/27/2020	0			1	SKU-203		2	
1	22.95	1		12/01/2023	0			1	SKU-601		1	
1	12.29	1		10/06/2023	.1	41.961395000000003108	-73.025469000000001074	25	SKU-287		7	06065
1	19.95	2		05/04/2025	0	29.714909999999999712	-95.281925000000001091	27	SKU-199		1	77012
1	1.76	1		01/04/2024	.1			15	SKU-296		1	
1	5.56	2		06/30/2025	.2	34.110520999999998537	-117.28975300000000459	28	SKU-928		1	92401
1	22.95	2		09/26/2024	0			18	SKU-601		1	
1	4.46	2		09/22/2023	.1	38.402597000000000093	-75.696267000000005964	29	SKU-708		1	21830
1	6.95	2		03/20/2025	0	43.073359000000003504	-76.055779999999998608	29	SKU-928		1	13057
1	26.73	2		07/15/2024	.1			14	SKU-708		6	
1	5.95	2		07/05/2020	0			4	SKU-296		1	
1	2.95	2		09/10/2022	0			9	SKU-101		1	
1	5.36	2		07/01/2024	.1			22	SKU-712		1	
1	18.36	2		07/09/2021	.2			4	SKU-601		1	
1	5.95	2		03/13/2021	0			15	SKU-712		1	
1	2.66	2	Shopper commented on quality	06/05/2020	.1			1	SKU-296		1	
1	1.76	2		04/09/2020	.1	36.005491999999996721	-83.977316999999999326	24	SKU-296		1	37912
1	103.28			07/04/2023	.1	33.937658999999996467	-117.18510499999999296	28	SKU-601		5	92555
1	24.75	2		08/19/2023	0			15	SKU-223		5	
1	2.95	2		08/26/2024	0	29.688897000000000758	-95.434106999999997356	27	SKU-101		1	77025
1	22.95			04/09/2025	0	44.213265999999997291	-85.955475000000006957	26	SKU-601		1	49689
1	2.95			04/03/2025	0			1	SKU-296		1	
1	20.66	2		07/08/2022	.1			1	SKU-601		1	
1	4.46	2		03/08/2024	.1	32.671934000000000253	-116.31998199999999599	28	SKU-223		1	91905
1	17.96	2		11/14/2021	.1			2	SKU-199		1	
1	12.95	2		01/03/2023	0			6	SKU-195		1	
1	2.95	1		07/03/2021	0			22	SKU-101		1	
1	18.36	2		04/23/2020	.2			6	SKU-601		1	
1	3.83	2		06/29/2024	.1			14	SKU-204		1	
1	50.04	2		02/09/2025	.1			1	SKU-928		8	
1	8.95	2		11/19/2020	0	41.634748999999999341	-70.937200000000004251	29	SKU-900		1	02740
1	4.25	2		10/18/2024	0			9	SKU-204		1	
1	1.95	2	Customer ranted about cashier	06/25/2023	0			12	SKU-296		1	
1	20.66			01/11/2025	.1	40.740388000000002932	-73.878551000000001636	29	SKU-601		1	11373
1	19.95	2		04/30/2022	0			35	SKU-199		1	
1	1.95	2		04/06/2020	0	33.531666999999998779	-116.58195399999999608	28	SKU-296		1	92561
1	2.95	2		09/20/2023	0			2	SKU-296		1	
1	3.95			12/03/2023	0			4	SKU-709		1	
1	143.64	2		04/06/2024	.1			13	SKU-199		8	
1	6.95	2		10/28/2021	0			2	SKU-928		1	
1	3.56	2		08/28/2025	.1			33	SKU-709		1	
1	15.96	2		10/06/2024	.2			14	SKU-199		1	
1	3.56	2		02/12/2020	.1			22	SKU-709		1	
1	2.13	2		08/19/2024	.5	36.202154999999997642	-119.33802000000000021	28	SKU-296		1	93274
1	4.95	2		06/29/2024	0	40.471617999999999426	-88.962466000000006261	26	SKU-223		1	61704
1	2.95	1		05/03/2022	0	31.783663000000000664	-82.348642999999995596	24	SKU-101		1	31513
1	8.95	2		04/05/2023	0	41.408039000000002261	-75.648397000000002776	29	SKU-900		1	18510
1	1.95	1		01/08/2022	0	40.499141000000001611	-74.426602000000002591	29	SKU-296		1	08904
1	18.36	2		02/02/2023	.2			2	SKU-601		1	
1	8.06	2		09/01/2022	.1	34.778948999999997226	-86.543785999999997216	24	SKU-900		1	35811
1	3.16	2		08/06/2023	.2	29.173345000000001192	-98.472272000000003799	27	SKU-709		1	78264
1	14.04	2		07/10/2021	.1	34.274191000000001849	-118.54123500000000036	28	SKU-296		8	91326
1	4.25	2		05/04/2025	0	34.052042999999997618	-118.25712699999999699	28	SKU-296		1	90071
1	3.95	2		01/24/2022	0			2	SKU-203		1	
1	3.96	1		05/01/2024	.2			13	SKU-223		1	
1	17.96	2		08/03/2022	.1	42.037573999999999331	-88.318614999999994097	26	SKU-199		1	60123
1	5.95	2		04/26/2022	0	40.711866999999998029	-73.794420000000002346	29	SKU-222		1	11432
1	2.95	2		04/02/2022	0			14	SKU-101		1	
1	44.48	2		12/05/2022	.2			35	SKU-928		8	
1	1.56	2		11/02/2024	.2			23	SKU-296		1	
1	19.95	2		08/22/2022	0	40.881298999999998501	-73.159120999999998957	29	SKU-199		1	11780
1	2.95	2		05/06/2024	0			9	SKU-192		1	
1	1.95	2		04/14/2022	0			13	SKU-287		1	
1	1.98	2		02/17/2023	.5			3	SKU-709		1	
1	21.42	2		01/16/2025	.1			33	SKU-712		4	
1	29.75	2		02/04/2023	0	41.491162000000002763	-74.915233999999998104	29	SKU-222		5	12719
1	17.96	2		02/03/2025	.1			6	SKU-199		1	
1	1.98	2		03/24/2022	.5			3	SKU-709		1	
1	35.91			03/09/2022	.1			5	SKU-199		2	
1	8.06	2		08/16/2024	.1	33.892462999999999341	-118.29612199999999688	28	SKU-900		1	90247
1	3.95	2		08/13/2025	0			12	SKU-709		1	
1	3.56	2		06/21/2024	.1			14	SKU-709		1	
1	4.95	2		07/27/2023	0			1	SKU-223		1	
1	4.46	2		10/31/2023	.1			35	SKU-223		1	
1	1.95			09/12/2021	0			20	SKU-296		1	
1	6.95	2		09/24/2023	0	42.172823000000001059	-72.471012000000001762	29	SKU-928		1	01056
1	8.95	2		07/27/2024	0			5	SKU-900		1	
1	11.66	2		03/11/2024	.1	41.453113000000001876	-71.872701000000006388	29	SKU-195		1	06359
1	160.65	2		10/21/2020	0			4	SKU-601		7	
1	7.8	2		03/29/2022	0	40.871082000000001244	-89.370399000000006139	26	SKU-296		4	61545
1	4.25	2		02/16/2024	0			1	SKU-204		1	
1	1.95	2		05/12/2021	0			6	SKU-296		1	
1	8.95	2		06/05/2021	0			20	SKU-900		1	
1	5.9	2		06/07/2024	.5	40.727164000000001919	-73.949845999999993751	29	SKU-101		4	11222
1	2.66	2		06/15/2025	.1			6	SKU-192		1	
1	4.25	2		07/05/2024	0			1	SKU-204		1	
1	19.95	2		10/01/2023	0			10	SKU-199		1	
1	13.9	2		05/16/2023	0			35	SKU-928		2	
1	4.46	1		09/23/2024	.1			13	SKU-223		1	
1	2.48	2		04/20/2023	.5			6	SKU-223		1	
1	13.83	2		04/08/2020	.5	29.533387000000001166	-98.497511000000002923	27	SKU-709		7	78216
1	22.95	2		11/19/2024	0			22	SKU-601		1	
1	41.65	2		08/19/2023	0			4	SKU-222		7	
1	14.85	2		05/07/2025	0	40.657107000000003438	-73.674143000000000824	29	SKU-708		3	11563
1	4.25			08/21/2023	0	41.888558000000003289	-88.202168000000000347	26	SKU-296		1	60185
1	39.6	2		03/21/2022	0			21	SKU-223		8	
1	31.6	2		08/28/2024	0	32.132980000000003428	-82.794444999999996071	24	SKU-203		8	30411
1	2.95	2		12/10/2024	0	42.435350999999997156	-71.775192000000004101	29	SKU-101		1	01564
1	89.78	2		07/13/2021	.1			34	SKU-199		5	
1	17.96	2		10/20/2023	.1	36.300168999999996799	-119.20535700000000646	28	SKU-199		1	93223
1	6.95	2		01/18/2023	0			12	SKU-928		1	
1	2.66	2		12/21/2022	.1			12	SKU-101		1	
1	8.95	2		03/10/2023	0	44.440142999999999062	-87.559442000000004213	26	SKU-900		1	54216
1	4.95	2		09/25/2024	0	42.579563000000000272	-71.803133000000002539	29	SKU-708		1	01420
1	1.95	2		09/24/2020	0			19	SKU-287		1	
1	2.66	2		08/18/2025	.1			17	SKU-192		1	
1	1.95	2		05/31/2024	0			6	SKU-287		1	
1	18.36	2		03/09/2023	.2			3	SKU-601		1	
1	7.65	2		05/09/2025	.1			23	SKU-296		2	
1	9.98	2		03/02/2021	.5			9	SKU-199		1	
1	4.95	2		11/02/2021	0	38.964452999999998894	-88.623395999999999617	26	SKU-223		1	62443
1	8.78	2		05/23/2023	.1			12	SKU-296		5	
1	18.36	2		12/20/2021	.2			4	SKU-601		1	
1	12.95	2		06/26/2025	0			6	SKU-195		1	
1	4.25	2		05/28/2023	0			9	SKU-204		1	
1	3.96	2		04/23/2024	.2			9	SKU-223		1	
1	2.48	2		07/12/2025	.5			4	SKU-223		1	
1	123.93	2		10/25/2022	.1			34	SKU-601		6	
1	5.36	2		09/09/2023	.1	33.997354999999998881	-117.44489599999999996	28	SKU-222		1	92509
1	71.6	2		05/22/2021	0			8	SKU-900		8	
1	29.7	2		08/30/2021	0			34	SKU-223		6	
1	8.06	2		08/06/2023	.1			12	SKU-900		1	
1	19.75	1		05/08/2024	0	41.756011999999998351	-71.149206000000006611	29	SKU-709		5	02726
1	7.16	2		06/22/2024	.2			15	SKU-900		1	
1	8.06		Customer was happy about quality	01/11/2022	.1			35	SKU-900		1	
1	1.95	2		05/16/2024	0			2	SKU-287		1	
1	2.13	1		10/30/2024	.5			6	SKU-204		1	
1	2.48			08/01/2023	.5			16	SKU-223		1	
1	4.95	2		12/30/2020	0			9	SKU-223		1	
1	1.95	2		03/19/2022	0	34.078349000000002888	-118.21127900000000466	28	SKU-296		1	90031
1	22.95	2		01/06/2023	0			5	SKU-601		1	
1	4.25	2		07/03/2024	0			33	SKU-204		1	
1	5.56	2		02/07/2024	.2			22	SKU-928		1	
1	5.95	2		01/02/2021	0			8	SKU-222		1	
1	4.46	2		04/10/2022	.1			6	SKU-223		1	
1	5.95	2		06/02/2025	0			21	SKU-712		1	
1	3.83	2		07/18/2023	.1			1	SKU-204		1	
1	22.95	2		12/03/2024	0			34	SKU-601		1	
1	7.9			05/06/2025	0			10	SKU-709		2	
1	4.46	2		02/06/2024	.1	32.225788000000001431	-96.460612999999995054	27	SKU-223		1	75155
1	29.75	2		06/05/2025	0	41.683824999999998794	-74.672402000000005273	29	SKU-222		5	12751
1	2.66	2		08/12/2020	.1	40.476030000000001507	-76.894040000000003942	29	SKU-101		1	17032
1	8.95	2		08/02/2024	0	40.302815000000002498	-74.069779999999994402	29	SKU-900		1	07724
1	4.95	2		12/26/2022	0	40.183315999999997814	-86.890548999999992929	26	SKU-223		1	47955
1	3.95	2		10/24/2021	0	40.134521999999996921	-74.043604000000001974	29	SKU-709		1	08750
1	5.95	2		06/30/2022	0			34	SKU-222		1	
1	19.8	2		05/24/2022	0	33.974496000000002027	-118.35480499999999892	28	SKU-223		4	90302
1	19.95	2		12/23/2021	0			4	SKU-199		1	
1	2.48	2		06/24/2024	.5			6	SKU-223		1	
1	4.95			07/04/2025	0			32	SKU-223		1	
1	26.85	2		12/29/2021	0			4	SKU-900		3	
1	35.64	2		11/12/2022	.1			13	SKU-223		8	
1	6.95	2		07/17/2024	0			33	SKU-928		1	
1	3.83	2		02/27/2022	.1	42.302914999999998713	-76.389720999999994432	29	SKU-296		1	13864
1	17.96	2		10/12/2022	.1			34	SKU-199		1	
1	1.95	2		05/07/2025	0			12	SKU-296		1	
1	48.65	2		10/01/2023	0	42.338448999999997113	-75.952230999999997607	29	SKU-928		7	13862
1	4.46	2		03/30/2025	.1	41.908906000000001768	-71.434776999999996861	29	SKU-223		1	02865
1	22.95	2		03/16/2025	0			2	SKU-601		1	
1	5.56			02/23/2024	.2			35	SKU-928		1	
1	8.95	2		03/04/2021	0			34	SKU-900		1	
1	119.7	2		03/10/2022	0	41.233548999999996453	-76.588930000000004838	29	SKU-199		6	17742
1	91.8	2		08/13/2024	0			8	SKU-601		4	
1	1.56	2		12/11/2022	.2	40.813307000000001778	-73.741390999999993027	29	SKU-287		1	11024
1	20.66	2		09/09/2021	.1			34	SKU-601		1	
1	4.46	2		12/16/2024	.1			34	SKU-223		1	
1	31.6	2		07/03/2025	0			2	SKU-709		8	
1	79.8	2		06/05/2025	0	29.229638000000001341	-94.913715999999993756	27	SKU-199		4	77554
1	5.95			03/31/2020	0			3	SKU-296		1	
1	11.8	2		07/04/2024	0			4	SKU-296		4	
1	4.25			06/03/2020	0			2	SKU-204		1	
1	6.26	2		05/08/2025	.1	42.284801000000001636	-71.720502999999993676	29	SKU-928		1	01545
1	1.95	2		07/01/2023	0			3	SKU-296		1	
1	24.75	2		03/27/2021	0	34.444901000000001546	-117.51960400000000106	28	SKU-708		5	92371
1	17.9	2		11/17/2022	0			2	SKU-900		2	
1	2.95	2		02/09/2022	0			22	SKU-101		1	
1	6.95	2		03/20/2022	0	41.259762999999999522	-73.989159999999998262	29	SKU-928		1	10986
1	4.46	2		03/03/2021	.1			32	SKU-708		1	
1	30.6	2		01/07/2020	.1			6	SKU-204		8	
1	6.26	2		07/18/2023	.1	33.828555000000001484	-118.29203900000000261	28	SKU-928		1	90502
1	3.56	2		05/04/2020	.1			35	SKU-203		1	
1	3.83	2		06/24/2021	.1	35.897925000000000751	-115.82982400000000211	28	SKU-296		1	92389
1	1.95	2	Shopper commented on cashier	01/16/2025	0	41.701332000000000732	-72.676308000000005904	29	SKU-296		1	06109
1	2.95	2		02/01/2023	0			33	SKU-101		1	
1	4.46	2		08/09/2021	.1			13	SKU-708		1	
1	1.95	2		08/25/2024	0			2	SKU-296		1	
1	20.66	2		06/26/2023	.1			19	SKU-601		1	
1	20.66	2		06/19/2021	.1			4	SKU-601		1	
1	3.83	2		04/02/2023	.1			9	SKU-204		1	
1	4.95	2		07/26/2025	0			35	SKU-708		1	
1	2.66	1	Shopper complained about high prices	01/28/2020	.1			4	SKU-296		1	
1	99.75	2		06/21/2025	0			35	SKU-199		5	
1	4.95	2		04/28/2024	0			1	SKU-708		1	
1	3.56	2		08/03/2021	.1			6	SKU-709		1	
1	5.95	2		06/05/2020	0	33.929931000000003393	-118.01207499999999583	28	SKU-222		1	90604
1	3.96	1		09/10/2021	.2	31.432732999999998924	-96.875904000000005567	27	SKU-708		1	76675
1	4.25	2		05/22/2020	0			6	SKU-204		1	
1	5.36			01/13/2024	.1			13	SKU-222		1	
1	10.36	2		09/28/2022	.2			22	SKU-195		1	
1	128.52	2		12/26/2024	.2	42.303637000000001933	-73.648640000000000327	29	SKU-601		7	12075
1	5.36	2		03/16/2024	.1			2	SKU-222		1	
1	17.85	2		08/07/2025	0			13	SKU-712		3	
1	2.95	1		06/10/2022	0			1	SKU-296		1	
1	4.95	2		05/04/2022	0			35	SKU-223		1	
1	12.95	1		05/23/2020	0			34	SKU-195		1	
1	5.95	2		05/10/2021	0			23	SKU-222		1	
1	2.95	2		05/27/2025	0	42.178764999999998508	-74.531908000000001379	29	SKU-101		1	12430
1	5.36	2		12/16/2022	.1			1	SKU-222		1	
1	20.66	1		07/24/2020	.1	47.205395000000002881	-122.53356200000000342	30	SKU-601		1	98467
1	1.15	2		11/14/2020	0			12	SKU-451		1	
1	1.95	2		11/27/2022	0			19	SKU-287		1	
1	5.95	2		01/20/2025	0			3	SKU-222		1	
1	10.67	1		05/27/2020	.1	38.958295999999997151	-76.284182999999998742	29	SKU-709		3	21619
1	5.95			09/16/2024	0			5	SKU-222		1	
1	4.25	2		08/18/2025	0			2	SKU-204		1	
1	4.95			06/02/2020	0			6	SKU-708		1	
1	6.95	2		09/05/2024	0			12	SKU-928		1	
1	4.46	2		12/27/2024	.1	42.112850000000001671	-71.868677000000005251	29	SKU-708		1	01540
1	4.95	2		02/26/2024	0			8	SKU-708		1	
1	4.46	2		11/24/2022	.1			2	SKU-223		1	
1	8.95	2		06/24/2023	0			4	SKU-900		1	
1	15.96	2		02/03/2025	.2	45.337718000000002406	-122.56999100000000169	30	SKU-199		1	97045
1	5.95			08/28/2021	0			1	SKU-296		1	
1	3.68	2		08/06/2022	.2	41.491976000000001079	-87.510802999999995677	26	SKU-451		4	46311
1	15.96			03/22/2024	.2			14	SKU-199		1	
1	90.65	2		09/19/2024	0			6	SKU-195		7	
1	6.95	2		08/06/2025	0			1	SKU-928		1	
1	1.95	2		06/24/2020	0			21	SKU-296		1	
1	27.8	1		11/04/2020	0			18	SKU-928		4	
1	6.95	2		05/13/2021	0			33	SKU-928		1	
1	11.66	2		02/10/2024	.1			9	SKU-296		1	
1	8.95	2		05/27/2023	0	40.075797999999998921	-75.127668999999997367	29	SKU-900		1	19117
1	1.76	2		01/16/2024	.1			21	SKU-287		1	
1	114.75	2		12/28/2024	0			18	SKU-601		5	
1	2.98	2		08/01/2022	.5			13	SKU-222		1	
1	3.96	2		07/18/2025	.2			4	SKU-223		1	
1	8.95	2		08/30/2020	0			12	SKU-900		1	
1	8.95	2		08/06/2022	0			14	SKU-900		1	
1	3.95	2		06/22/2025	0			12	SKU-203		1	
1	8.06	2		06/29/2024	.1			23	SKU-900		1	
1	4.95	2		01/18/2022	0			13	SKU-708		1	
1	6.26	2		04/11/2020	.1			2	SKU-928		1	
1	15.6	2		08/29/2025	0	41.698208000000001051	-74.980687000000003196	29	SKU-296		8	12726
1	20.66	2		05/03/2025	.1	43.681316999999999951	-85.228033999999993852	26	SKU-601		1	49332
1	12.48	2		06/25/2024	.2			34	SKU-296		8	
1	18.36	2		06/06/2023	.2			22	SKU-601		1	
1	2.95	2		06/09/2023	0			35	SKU-101		1	
1	34.65	2		09/14/2021	0			9	SKU-223		7	
1	22.95	2		03/09/2023	0			6	SKU-601		1	
1	4.95	2		02/04/2024	0	34.143526999999998849	-118.12664700000000551	28	SKU-708		1	91106
1	17.82	2		02/17/2020	.1	39.847200999999998316	-89.388846000000000913	26	SKU-223		4	62515
1	8.91	2		09/30/2024	.1			19	SKU-223		2	
1	5.56	2		10/06/2023	.2			14	SKU-928		1	
1	1.04	2		07/17/2021	.1			17	SKU-451		1	
1	12.95	2		10/19/2023	0			12	SKU-296		1	
1	4.25	2		07/12/2024	0			12	SKU-204		1	
1	5.95	2		12/28/2024	0	42.166938000000001807	-71.360692999999997709	29	SKU-712		1	02054
1	5.95	2		08/04/2021	0	40.906993999999997413	-74.152861999999998943	29	SKU-222		1	07513
1	5.36			04/16/2024	.1			33	SKU-222		1	
1	90.65	2		11/04/2024	0			12	SKU-296		7	
1	19.95	2		05/26/2023	0			34	SKU-199		1	
1	4.95	1		10/01/2021	0			34	SKU-223		1	
1	4.95	2		07/06/2023	0			1	SKU-708		1	
1	82.62	2		01/26/2023	.1	41.521236999999999284	-71.537169000000005781	25	SKU-601		4	02877
1	6.95	2		06/19/2024	0	31.226441999999998699	-92.744478000000000861	27	SKU-928		1	71466
1	19.95	2		02/24/2025	0			33	SKU-199		1	
1	5.95			04/04/2024	0			6	SKU-222		1	
1	59.85	2		08/11/2020	0	41.462718000000002406	-72.504987999999997327	29	SKU-199		3	06438
1	1.76	2		01/25/2023	.1			3	SKU-296		1	
1	35.7	2		12/21/2020	0			2	SKU-222		6	
1	22.95			02/20/2023	0			4	SKU-601		1	
1	43.79	2		09/18/2021	.1			6	SKU-928		7	
1	5.36	2		11/17/2024	.1			4	SKU-222		1	
1	4.95	2		08/15/2020	0			35	SKU-708		1	
1	20.66	2		08/13/2025	.1			4	SKU-601		1	
1	3.4	2		01/07/2020	.2	40.897910000000003094	-75.997117000000002917	29	SKU-296		1	18237
1	5.36	2		02/18/2022	.1			8	SKU-712		1	
1	19.95	2		09/04/2020	0			2	SKU-199		1	
1	2.95	2		09/02/2021	0			9	SKU-101		1	
1	12.95	2		05/25/2021	0			32	SKU-195		1	
1	1.76	2		07/03/2024	.1	40.046816999999997221	-75.643196000000003209	29	SKU-296		1	19341
1	4.25	2		05/29/2025	0			9	SKU-204		1	
1	1.95	2		09/05/2023	0			3	SKU-287		1	
1	1.56	2		02/10/2022	.2			35	SKU-296		1	
1	15.8	2		01/10/2023	0			5	SKU-709		4	
1	20.66	2		09/07/2023	.1			6	SKU-601		1	
1	22.95			11/30/2024	0			34	SKU-601		1	
1	17.82	2		02/25/2023	.1			1	SKU-708		4	
1	1.76	2		04/27/2022	.1			2	SKU-287		1	
1	22.95	2		04/13/2025	0	29.687578999999999496	-95.301062000000001717	27	SKU-601		1	77087
1	2.95	2		08/26/2024	0	43.081575999999998316	-88.913335000000003561	26	SKU-101		1	53551
1	35.7	2		07/01/2022	0			18	SKU-712		6	
1	2.95	2		09/12/2020	0			1	SKU-296		1	
1	4.95	1		04/14/2025	0			17	SKU-708		1	
1	20.66			01/30/2021	.1			9	SKU-601		1	
1	1.76	2		06/07/2023	.1			13	SKU-287		1	
1	20.66	2		04/22/2024	.1	32.520071999999998979	-85.100026999999997201	24	SKU-601		1	36877
1	4.95	2		08/05/2025	0			1	SKU-708		1	
1	4.95	2		08/04/2022	0			6	SKU-708		1	
1	22.95	2		06/26/2023	0			13	SKU-601		1	
1	4.95	2		12/24/2023	0			4	SKU-708		1	
1	1.76	1		12/07/2023	.1	45.530318000000001177	-122.70334800000000541	30	SKU-287		1	97210
1	4.95	2		03/12/2025	0			34	SKU-708		1	
1	123.93	2		07/06/2025	.1			2	SKU-601		6	
1	1.76	2		01/05/2020	.1	41.251438999999997747	-87.846761000000000763	26	SKU-296		1	60950
1	22.95	2		02/27/2021	0			1	SKU-601		1	
1	11.48	2		06/19/2020	.5			2	SKU-601		1	
1	23.8	2		04/08/2023	0	42.195734999999999104	-75.790977999999995518	29	SKU-222		4	13833
1	19.95	2		02/18/2023	0			12	SKU-199		1	
1	19.95	2		07/22/2022	0			4	SKU-199		1	
1	5.36	1		02/27/2020	.1			17	SKU-712		1	
1	1.56	2		05/15/2023	.2			23	SKU-296		1	
1	1.76	2		01/28/2021	.1			4	SKU-296		1	
1	4.95	1		04/22/2023	0			10	SKU-223		1	
1	45.33	2		02/09/2022	.5	39.847200999999998316	-89.388846000000000913	26	SKU-195		7	62515
1	1.76	2		07/27/2022	.1			35	SKU-296		1	
1	4.95	2		05/09/2023	0	39.707709000000001253	-76.316014999999993051	29	SKU-708		1	21160
1	18.36	2		05/23/2021	.2			33	SKU-601		1	
1	22.95	2		08/10/2023	0			21	SKU-601		1	
1	4.25	2		12/11/2022	0			6	SKU-204		1	
1	4.95	2		10/25/2024	0			12	SKU-223		1	
1	2.66	2		01/26/2022	.1	35.424394999999996969	-119.04331899999999677	28	SKU-101		1	93308
1	1.15			04/06/2025	0			5	SKU-451		1	
1	3.83	2		04/12/2022	.1	34.078349000000002888	-118.21127900000000466	28	SKU-296		1	90031
1	6.95	2		01/11/2023	0			2	SKU-928		1	
1	5.36	2		08/10/2024	.1			18	SKU-222		1	
1	4.46	2		09/09/2023	.1			6	SKU-708		1	
1	6.95	2		10/22/2024	0			2	SKU-928		1	
1	4.95	2		08/02/2024	0			6	SKU-223		1	
1	18.36	2		07/10/2022	.2			1	SKU-601		1	
1	4.95	2		06/11/2020	0			5	SKU-708		1	
1	3.83			11/02/2021	.1			34	SKU-204		1	
1	5.95	2		06/20/2022	0			13	SKU-222		1	
1	22.95	2		11/12/2020	0			2	SKU-601		1	
1	39.6	2		07/13/2023	0	42.260972000000002424	-89.839329000000006431	26	SKU-708		8	61062
1	.92	2		04/09/2025	.2	41.045853000000001031	-71.943962999999996554	29	SKU-451		1	11954
1	2.95			09/06/2022	0			23	SKU-101		1	
1	1.95	2		04/25/2021	0			1	SKU-287		1	
1	17.96	2		06/02/2025	.1			3	SKU-199		1	
1	5.95	2		03/22/2020	0	40.000019999999999242	-86.350716000000005578	26	SKU-712		1	46075
1	22.95	1		02/25/2024	0	45.674518999999996538	-122.57618200000000286	30	SKU-601		1	98662
1	3.95			10/19/2022	0	34.273859000000001628	-86.206446999999997161	24	SKU-709		1	35950
1	2.95	2		02/14/2022	0			35	SKU-101		1	
1	5.95	2		05/21/2021	0			4	SKU-222		1	
1	26.78	2		11/07/2021	.1			2	SKU-222		5	
1	2.95	2		12/08/2022	0			20	SKU-101		1	
1	5.36	2		04/18/2025	.1	43.043104999999997062	-72.263272000000000616	29	SKU-712		1	03448
1	1.95	2		10/03/2023	0			35	SKU-296		1	
1	3.56	2		09/01/2023	.1			13	SKU-709		1	
1	4.46	2		08/04/2020	.1			10	SKU-708		1	
1	47.6	1		07/09/2020	0			15	SKU-712		8	
1	4.25	2		05/02/2022	0			2	SKU-204		1	
1	19.95	2		04/01/2025	0	30.128804999999999836	-95.423942999999994186	27	SKU-199		1	77386
1	1.95	2		02/18/2025	0			4	SKU-287		1	
1	17.96	2		05/17/2025	.1	43.461573999999998818	-88.840681000000003564	26	SKU-199		1	53916
1	22.95	2		09/27/2024	0			20	SKU-601		1	
1	2.13	2		01/25/2020	.5			17	SKU-204		1	
1	1.76	2		05/17/2022	.1	41.571365999999997598	-73.494693999999995526	29	SKU-296		1	06784
1	17.85	2		04/06/2020	0			5	SKU-296		3	
1	22.95	2		04/07/2025	0	43.807431000000001121	-88.184482000000002699	26	SKU-601		1	53079
1	4.95	2		04/28/2023	0			34	SKU-708		1	
1	20.66	1		12/09/2021	.1	41.886538000000001602	-87.910678000000004317	26	SKU-601		1	60163
1	4.95	2		11/27/2024	0			32	SKU-223		1	
1	8.06	1		09/18/2021	.1	33.873136000000002354	-117.99425700000000461	28	SKU-900		1	90621
1	3.56	2		07/28/2024	.1			1	SKU-203		1	
1	4.25	2		11/18/2021	0			3	SKU-204		1	
1	8.78	2		04/12/2021	.1			9	SKU-296		5	
1	3.95	2		07/03/2020	0			2	SKU-709		1	
1	3.95	2		10/29/2022	0	42.317464999999998553	-74.262017000000000166	29	SKU-709		1	12496
1	4.46			08/07/2025	.1			33	SKU-708		1	
1	26.78	2		06/23/2023	.1			9	SKU-204		7	
1	11.48	2		03/07/2021	.5			33	SKU-601		1	
1	4.95			11/09/2020	0			34	SKU-708		1	
1	2.95	2		03/16/2023	0	28.936166000000000053	-96.226527000000004363	27	SKU-101		1	77458
1	22.95	2		03/30/2022	0	43.067413000000001943	-89.315921000000003004	26	SKU-601		1	53716
1	4.95	2		07/08/2023	0	43.223883999999998196	-85.315940999999995142	26	SKU-708		1	49326
1	5.36	2		04/28/2025	.1			33	SKU-222		1	
1	20.66	1		05/21/2024	.1			34	SKU-601		1	
1	19.95	2		06/23/2020	0	33.452316000000003271	-86.893493000000006531	24	SKU-199		1	35221
1	3.83	2		06/21/2025	.1			35	SKU-204		1	
1	2.95	2		09/17/2021	0	41.915295999999997889	-72.093659999999999854	25	SKU-101		1	06282
1	5.95	2		03/11/2023	0			19	SKU-712		1	
1	12.95	2		02/28/2025	0			10	SKU-296		1	
1	17.96	2		02/24/2024	.1			3	SKU-199		1	
1	19.95	2		04/07/2023	0			23	SKU-199		1	
1	19.95	2		03/11/2025	0			1	SKU-199		1	
1	3.83	2		05/29/2025	.1			6	SKU-204		1	
1	22.95	1		10/30/2022	0			4	SKU-601		1	
1	4.46	2		11/17/2022	.1			13	SKU-223		1	
1	5.95	2		04/12/2025	0			4	SKU-296		1	
1	4.46	2		07/23/2025	.1			4	SKU-708		1	
1	4.95	2		05/12/2024	0			1	SKU-223		1	
1	68.85	2		03/26/2023	0			1	SKU-601		3	
1	4.25	2		09/03/2024	0			2	SKU-204		1	
1	6.26	2		08/21/2023	.1			4	SKU-928		1	
1	5.95	2		09/20/2023	0			35	SKU-222		1	
1	5.36	2		07/05/2023	.1			2	SKU-296		1	
1	19.95	2		02/02/2025	0	34.872835999999999501	-82.960686999999992963	24	SKU-199		1	29676
1	5.9	2		05/12/2022	0			15	SKU-101		2	
1	5.36			10/12/2020	.1	41.492038999999998338	-73.049341999999995778	29	SKU-222		1	06770
1	11.48	2		05/18/2024	.5	41.824148000000000991	-88.331531999999995719	26	SKU-601		1	60539
1	5.95	2		03/12/2023	0	43.078404999999996506	-89.201691999999994209	26	SKU-222		1	53527
1	2.66	2		04/28/2021	.1			2	SKU-296		1	
1	3.96	2		07/30/2020	.2			1	SKU-708		1	
1	20.66	2		08/05/2025	.1	40.229671000000003289	-76.115688000000005786	29	SKU-601		1	17517
1	4.25	2		04/08/2023	0			34	SKU-204		1	
1	5.95	2		06/09/2023	0	33.744517999999999346	-117.17189899999999624	28	SKU-222		1	92585
1	1.76	2		11/16/2023	.1			12	SKU-296		1	
1	22.95	2		11/30/2024	0	32.608428000000003521	-117.05645900000000381	28	SKU-601		1	91911
1	6.95	2		10/07/2020	0	33.147579000000000348	-116.69634999999999536	28	SKU-928		1	92070
1	20.66	2		03/17/2022	.1			5	SKU-601		1	
1	3.56	2		06/02/2023	.1			2	SKU-709		1	
1	11.66	2		05/14/2020	.1	43.229201000000003318	-70.785949000000002229	25	SKU-195		1	03908
1	6.95	2		06/01/2023	0			6	SKU-928		1	
1	18.36	2		08/07/2022	.2			34	SKU-601		1	
1	19.75	2		02/11/2020	0	34.967799999999996884	-115.57757399999999847	28	SKU-709		5	92351
1	2.95	2		03/27/2025	0	39.041871999999997911	-75.572604999999995811	29	SKU-101		1	19979
1	17.96	1		08/05/2023	.1			15	SKU-199		1	
1	3.96	1		07/12/2021	.2	41.465040000000001896	-73.397986000000003059	29	SKU-708		1	06804
1	8.06	2		05/10/2024	.1	33.924075999999999453	-118.20128900000000271	28	SKU-900		1	90262
1	22.95			07/11/2024	0			6	SKU-601		1	
1	5.95	2		05/03/2022	0			4	SKU-296		1	
1	17.96	1		02/04/2024	.1			6	SKU-199		1	
1	31.33			09/19/2021	.5			8	SKU-900		7	
1	8.06	2		05/06/2022	.1			12	SKU-900		1	
1	4.46	2		05/25/2023	.1	34.191884000000001719	-118.83060100000000147	28	SKU-708		1	91362
1	2.66	2		08/13/2022	.1			33	SKU-101		1	
1	7.16	2		09/04/2020	.2	42.489761000000001446	-72.189349000000007094	29	SKU-900		1	01366
1	4.95	2		06/17/2022	0			9	SKU-708		1	
1	1.76	2		07/24/2020	.1			2	SKU-296		1	
1	5.95	2		04/17/2024	0	42.262425000000000352	-71.800262000000003581	29	SKU-222		1	01608
1	1.95	2		08/26/2025	0			16	SKU-296		1	
1	3.16	2		07/10/2023	.2	33.617154999999996789	-117.66411899999999946	28	SKU-203		1	92691
1	5.95	2		06/09/2023	0			3	SKU-296		1	
1	59.85	2		02/15/2024	0			21	SKU-199		3	
1	3.95	2		10/13/2024	0			9	SKU-709		1	
1	19.95	2		06/21/2024	0			1	SKU-199		1	
1	4.95	2		04/21/2024	0			2	SKU-708		1	
1	3.83	2		05/19/2024	.1			33	SKU-204		1	
1	4.95	2		07/10/2020	0			1	SKU-223		1	
1	1.95	2		11/10/2022	0			5	SKU-296		1	
1	5.95			05/08/2025	0			34	SKU-222		1	
1	22.95	1		04/27/2024	0			6	SKU-601		1	
1	6.95	2		02/24/2021	0			34	SKU-928		1	
1	.98	2		01/30/2025	.5	33.875377000000000293	-84.685644999999993842	24	SKU-296		1	30073
1	1.95	2		06/19/2025	0			4	SKU-287		1	
1	15.6	2		12/26/2022	0			34	SKU-296		8	
1	5.95	2		06/04/2021	0			2	SKU-296		1	
1	1.76	2		03/02/2023	.1			33	SKU-296		1	
1	9.9	2		06/02/2025	0			12	SKU-708		2	
1	4.95	2		08/12/2025	0	43.040298999999997421	-87.915374999999997386	26	SKU-708		1	53203
1	19.95	1	Shopper ranted about availability of items	01/28/2020	0			5	SKU-199		1	
1	4.95	2		04/03/2024	0	31.326707999999999998	-97.234244000000003893	27	SKU-708		1	76630
1	6.95	1		07/22/2020	0	41.527154000000003009	-88.082409999999995876	26	SKU-928		1	60431
1	4.46	2		01/30/2024	.1	41.128475999999999146	-75.013206999999994196	29	SKU-708		1	18324
1	11.7	2	Shopper was happy about service	03/20/2023	0			6	SKU-296		6	
1	1.76	1		05/22/2022	.1			17	SKU-287		1	
1	1.48	2		10/12/2024	.5			3	SKU-296		1	
1	4.95	2		08/15/2025	0			5	SKU-223		1	
1	4.95	2		01/01/2022	0	40.876525000000000886	-90.174662999999995349	26	SKU-223		1	61436
1	1.95	2		09/06/2020	0			33	SKU-296		1	
1	6.95	2		11/24/2023	0			14	SKU-928		1	
1	12.95	2		06/04/2022	0			10	SKU-296		1	
1	1.95	2		10/05/2024	0			14	SKU-296		1	
1	114.75			02/24/2025	0			34	SKU-601		5	
1	1.76	2		03/21/2024	.1			1	SKU-296		1	
1	5.95	2		06/09/2021	0			1	SKU-296		1	
1	17.85	2		01/06/2024	0			1	SKU-222		3	
1	39.6	2		04/18/2021	0	47.012906000000000972	-122.87631100000000117	30	SKU-223		8	98501
1	22.95	1		01/21/2021	0			5	SKU-601		1	
1	18.36	2		10/21/2021	.2			23	SKU-601		1	
1	3.95	2		06/07/2021	0	36.604405999999997334	-119.43778500000000519	28	SKU-709		1	93654
1	6.26			10/21/2023	.1			2	SKU-928		1	
1	9.98	2		07/26/2023	.5			16	SKU-199		1	
1	19.95	1		04/25/2022	0			12	SKU-199		1	
1	2.36	2		01/18/2020	.2	40.922671999999998604	-75.940647999999995931	29	SKU-192		1	18216
1	48.33	2		02/07/2025	.1			14	SKU-900		6	
1	8.78	2		06/14/2023	.1	46.352496999999999616	-120.09700499999999578	30	SKU-296		5	98938
1	15.6	2		06/11/2020	0			22	SKU-296		8	
1	23.6			01/18/2025	0			2	SKU-192		8	
1	1.76	2		01/03/2022	.1			35	SKU-296		1	
1	2.95	2		08/14/2022	0			2	SKU-296		1	
1	5.95	2		07/12/2023	0			21	SKU-222		1	
1	1.56	2		12/26/2021	.2	40.055720999999998356	-76.944315000000003124	29	SKU-296		1	17365
1	110.16	2		05/22/2023	.2			32	SKU-601		6	
1	12.95	2		01/19/2022	0			6	SKU-195		1	
1	5.36	1		07/25/2024	.1	30.736612000000000932	-96.803477000000000884	27	SKU-712		1	76556
1	1.95	2		03/26/2021	0			20	SKU-296		1	
1	3.4	2		05/21/2025	.2			14	SKU-204		1	
1	56.39	2		12/11/2023	.1			14	SKU-900		7	
1	4.25	2		08/28/2025	0	36.604405999999997334	-119.43778500000000519	28	SKU-296		1	93654
1	22.95	2		01/28/2025	0			20	SKU-601		1	
1	4.95	2		11/20/2021	0			14	SKU-708		1	
1	3.56	2		10/17/2020	.1	40.420799999999999841	-74.552920999999997776	29	SKU-709		1	08824
1	4.46			01/02/2022	.1			6	SKU-708		1	
1	4.95	2		04/12/2020	0			5	SKU-708		1	
1	8.85	2		11/03/2024	0			2	SKU-296		3	
1	1.95	2		03/28/2021	0			4	SKU-296		1	
1	4.95	2		04/18/2023	0			14	SKU-708		1	
1	6.95	2		12/16/2021	0			33	SKU-928		1	
1	4.46			03/21/2024	.1			34	SKU-223		1	
1	2.48	2		02/20/2020	.5			23	SKU-708		1	
1	137.7	2		10/25/2023	0			34	SKU-601		6	
1	22.95	1		09/23/2022	0			6	SKU-601		1	
1	20.66	2		06/18/2022	.1			9	SKU-601		1	
1	4.25	2		12/25/2022	0			34	SKU-204		1	
1	2.95	2		10/17/2022	0	44.985402999999998031	-70.183177000000000589	25	SKU-101		1	04947
1	20.66	2		04/05/2022	.1			5	SKU-601		1	
1	20.66	2		01/29/2022	.1			1	SKU-601		1	
1	3.95			07/07/2021	0			5	SKU-709		1	
1	68.85	2		06/10/2025	0	40.106774000000001478	-75.211479999999994561	29	SKU-601		3	19031
1	2.66	2		08/10/2022	.1			9	SKU-101		1	
1	1.76	2		03/15/2022	.1			2	SKU-296		1	
1	1.95	2		03/03/2024	0			13	SKU-296		1	
1	12.95	2		12/04/2020	0			2	SKU-195		1	
1	20.66	2		03/30/2025	.1			2	SKU-601		1	
1	1.95	2		06/30/2025	0			8	SKU-296		1	
1	1.95	2		05/08/2021	0			34	SKU-287		1	
1	14.85	2		10/16/2023	0	46.999631999999998299	-120.51627399999999568	30	SKU-708		3	98926
1	4.95	2		11/05/2023	0	47.811824999999998908	-122.28778900000000362	30	SKU-223		1	98036
1	8.95	2		12/04/2024	0			34	SKU-900		1	
1	2.95	2		12/27/2020	0	41.281526999999996974	-73.028724999999994338	29	SKU-101		1	06477
1	35.64	2		12/12/2023	.1	32.019848000000003196	-94.281501000000005774	27	SKU-223		8	75643
1	4.46			04/09/2025	.1			13	SKU-708		1	
1	1.95	2		02/20/2025	0			34	SKU-287		1	
1	4.76	2		07/03/2022	.2			1	SKU-222		1	
1	17.96	2		03/07/2023	.1			33	SKU-199		1	
1	19.95	2		07/14/2022	0			6	SKU-199		1	
1	4.25	2		08/06/2023	0			2	SKU-204		1	
1	1.76	2		11/16/2024	.1			1	SKU-287		1	
1	19.95	2		03/12/2025	0			34	SKU-199		1	
1	2.36	1		10/24/2020	.2			2	SKU-296		1	
1	8.95	2		07/15/2021	0			12	SKU-900		1	
1	22.95	2		07/22/2022	0			9	SKU-601		1	
1	20.66	2		08/26/2025	.1			21	SKU-601		1	
1	8.06	2		09/30/2023	.1	41.639163000000003478	-76.015463999999994371	29	SKU-900		1	18630
1	4.95			10/07/2023	0			33	SKU-708		1	
1	8.95	2		02/11/2021	0			10	SKU-900		1	
1	3.56	2		03/16/2021	.1			4	SKU-709		1	
1	3.56	2		02/19/2020	.1			15	SKU-203		1	
1	4.95			09/07/2022	0			1	SKU-223		1	
1	8.95	2		10/19/2022	0			14	SKU-900		1	
1	4.95	2		05/14/2025	0			1	SKU-223		1	
1	8.95	1		08/08/2023	0	40.880212000000000216	-76.986124000000003776	29	SKU-900		1	17855
1	2.66	2		06/20/2024	.1			4	SKU-296		1	
1	1.95	2		01/06/2021	0			10	SKU-296		1	
1	4.76	1		09/01/2023	.2	33.840606999999998549	-118.01135899999999878	28	SKU-222		1	90620
1	4.95	2		01/06/2023	0	41.850192999999997311	-73.898837999999997806	29	SKU-223		1	12580
1	4.46	2		04/19/2025	.1			20	SKU-223		1	
1	2.98	2		03/18/2024	.5			1	SKU-222		1	
1	4.25	2		05/21/2025	0			2	SKU-204		1	
1	1.76	2		04/21/2020	.1			2	SKU-296		1	
1	34	2		08/15/2024	0			6	SKU-204		8	
1	2.95	2		12/01/2024	0			20	SKU-192		1	
1	4.25	2		12/07/2023	0			35	SKU-204		1	
1	30.6	2		06/13/2021	.1			1	SKU-204		8	
1	3.95	2		09/20/2024	0			34	SKU-709		1	
1	4.95	2		05/01/2024	0			1	SKU-223		1	
1	5.95	2	Customer complained about quality	11/30/2022	0			2	SKU-222		1	
1	9.9	2		08/09/2021	0			1	SKU-708		2	
1	1.98			01/22/2025	.5			13	SKU-709		1	
1	4.46	2		06/20/2020	.1			17	SKU-708		1	
1	4.46	2		01/31/2021	.1			4	SKU-708		1	
1	4.95	2		10/09/2023	0	42.794865000000001487	-70.977811000000002651	25	SKU-708		1	01985
1	139.65	2		10/06/2021	0			6	SKU-199		7	
1	22.95	1		08/01/2023	0			5	SKU-601		1	
1	10.71	2		11/06/2021	.1	30.770144999999999413	-93.530733999999995376	27	SKU-222		2	70653
1	17.96	2		03/06/2025	.1			2	SKU-199		1	
1	3.83	2		06/02/2024	.1			1	SKU-204		1	
1	19.95	2		07/18/2025	0			15	SKU-199		1	
1	19.95	2		01/15/2020	0	40.905062000000000921	-73.330888999999999101	29	SKU-199		1	11768
1	1.15	2		10/02/2022	0			21	SKU-451		1	
1	3.83			12/05/2021	.1			32	SKU-204		1	
1	4.25	2		09/01/2022	0			34	SKU-204		1	
1	2.98	2		03/28/2025	.5			12	SKU-712		1	
1	22.95	2		02/27/2023	0			33	SKU-601		1	
1	1.76	2	Shopper ranted about availability of items	03/16/2024	.1			19	SKU-296		1	
1	20.66	2		07/16/2022	.1			15	SKU-601		1	
1	5.95	2		04/15/2023	0			1	SKU-222		1	
1	51.8	2		03/09/2021	0			10	SKU-296		4	
1	20.66	2		01/18/2022	.1			2	SKU-601		1	
1	1.76	2		07/19/2025	.1	43.068545000000000301	-87.971466000000006602	26	SKU-296		1	53210
1	1.56	2		09/04/2024	.2			19	SKU-296		1	
1	4.46	2		12/29/2024	.1			23	SKU-708		1	
1	1.95	2		03/09/2023	0			12	SKU-287		1	
1	1.95	2		02/01/2025	0			35	SKU-296		1	
1	22.95	2		02/09/2022	0			3	SKU-601		1	
1	5.95	2		03/20/2021	0	31.713073999999998876	-93.969841000000002396	27	SKU-712		1	75973
1	7.9	2		12/11/2022	0			9	SKU-709		2	
1	3.56	1		07/02/2021	.1			2	SKU-709		1	
1	4.46	2		09/17/2021	.1	41.347430000000002792	-72.417310000000000513	29	SKU-708		1	06409
1	1.76	2		07/30/2020	.1			33	SKU-296		1	
1	22.95	2		12/19/2020	0			34	SKU-601		1	
1	4.46	2		10/19/2022	.1			35	SKU-708		1	
1	23.7	2		09/03/2024	0			4	SKU-709		6	
1	2.66	2		11/19/2022	.1			1	SKU-192		1	
1	18.36	2		06/29/2024	.2			34	SKU-601		1	
1	5.95	2		08/31/2023	0			23	SKU-222		1	
1	1.15	2		04/15/2021	0	42.162480999999999653	-75.548409000000006586	29	SKU-451		1	13813
1	17.96	2		04/14/2025	.1			1	SKU-199		1	
1	4.46	2		07/16/2025	.1			35	SKU-708		1	
1	17.96	2		01/30/2021	.1	42.273600000000001841	-73.815174999999996431	29	SKU-199		1	12015
1	4.95	2		01/03/2021	0			21	SKU-223		1	
1	5.95	2		08/10/2021	0			2	SKU-222		1	
1	114.75	2		03/21/2024	0			10	SKU-601		5	
1	103.28	2		01/20/2025	.1			19	SKU-601		5	
1	19.95	2		04/26/2024	0			9	SKU-199		1	
1	14.75	2		03/05/2020	0			6	SKU-296		5	
1	14.85	2		08/25/2024	0			2	SKU-708		3	
1	22.95			07/27/2021	0			12	SKU-601		1	
1	1.76			06/29/2024	.1	39.821012000000003183	-76.401178999999999064	29	SKU-296		1	17302
1	19.95	2		09/07/2020	0	40.703578000000000258	-73.966510999999997011	29	SKU-199		1	11251
1	2.95	2	Customer commented on advertising	02/04/2024	0			20	SKU-101		1	
1	4.25	2		07/12/2025	0			2	SKU-204		1	
1	1.95	2		04/22/2025	0	39.447645999999998878	-86.429010000000005221	26	SKU-296		1	46151
1	26.78	2		07/17/2024	.1			4	SKU-296		5	
1	5.95	2		10/28/2021	0			13	SKU-712		1	
1	22.95	2		12/04/2020	0			3	SKU-601		1	
1	17.96	2		03/20/2024	.1	41.979833999999996763	-88.085699000000005298	26	SKU-199		1	60172
1	3.56	2		12/31/2024	.1	39.215147000000001753	-86.850026999999997201	26	SKU-203		1	47431
1	18.36	2		08/13/2024	.2			12	SKU-601		1	
1	3.56	2		09/07/2021	.1	33.169808000000003289	-87.163469000000006303	24	SKU-709		1	35188
1	5.95			09/15/2020	0			35	SKU-222		1	
1	17.96	2		04/05/2021	.1	45.991138999999996883	-119.75587299999999402	30	SKU-199		1	99345
1	5.85			07/28/2022	0			34	SKU-296		3	
1	3.95	2		04/13/2025	0			18	SKU-709		1	
1	17.96	2		03/14/2024	.1	42.109388000000002706	-71.175871999999998251	29	SKU-199		1	02067
1	4.95	1		11/30/2020	0			6	SKU-708		1	
1	.98	2		08/09/2020	.5			18	SKU-287		1	
1	2.36	2		03/17/2025	.2			3	SKU-296		1	
1	4.95	2		04/14/2025	0			6	SKU-223		1	
1	6.95	2		12/04/2021	0			2	SKU-928		1	
1	6.95	2		06/14/2020	0			5	SKU-928		1	
1	21.24	2		07/18/2022	.1			12	SKU-192		8	
1	5.95	2		09/24/2024	0	33.569029999999997926	-117.17829799999999806	28	SKU-222		1	92563
1	20.66	2		07/08/2021	.1			1	SKU-601		1	
1	1.76			04/30/2020	.1			21	SKU-296		1	
1	4.95	2		11/17/2023	0			13	SKU-708		1	
1	4.46	2		08/06/2024	.1			1	SKU-223		1	
1	6.95	2		05/23/2025	0			4	SKU-928		1	
1	2.66	2		09/16/2022	.1	33.810634999999997774	-118.35073300000000529	28	SKU-101		1	90505
1	93.24	2		01/01/2022	.1			20	SKU-296		8	
1	19.95	2		07/25/2020	0			32	SKU-199		1	
1	2.95	2		01/09/2023	0			18	SKU-101		1	
1	4.95	2		02/13/2021	0			2	SKU-708		1	
1	19.8	2		05/22/2020	0	48.067262999999996964	-124.30542400000000213	30	SKU-708		4	98305
1	5.31	2		03/18/2021	.1	34.690888000000001056	-118.14912900000000206	28	SKU-101		2	93534
1	17.96	1		09/19/2022	.1	40.124464000000003238	-75.330445999999994911	29	SKU-199		1	19401
1	4.46	2		07/15/2022	.1			3	SKU-223		1	
1	5.95	2		01/23/2021	0			4	SKU-296		1	
1	1.95			01/31/2025	0			14	SKU-296		1	
1	1.98	1		08/06/2023	.5	44.776618999999996617	-122.18447000000000457	30	SKU-709		1	97342
1	4.95	2		08/06/2024	0			10	SKU-708		1	
1	20.66	2		10/02/2024	.1			9	SKU-601		1	
1	22.95			09/07/2020	0			12	SKU-601		1	
1	1.48	1		09/20/2022	.5			13	SKU-101		1	
1	8.95	1		10/31/2021	0	34.682797000000000764	-82.936161999999995941	24	SKU-900		1	29678
1	3.95	2		07/11/2023	0			20	SKU-709		1	
1	6.26	2		03/21/2024	.1	32.955533000000002631	-117.22520099999999843	28	SKU-928		1	92130
1	17.82	2		10/25/2020	.1			35	SKU-708		4	
1	1.95	2		12/18/2020	0			4	SKU-296		1	
1	14.75	2		09/06/2021	0			2	SKU-192		5	
1	2.95	2		12/18/2022	0	41.707382000000002619	-73.132079000000004498	29	SKU-101		1	06778
1	4.95			11/01/2022	0	40.512445999999997071	-88.988286999999999693	26	SKU-708		1	61761
1	17.7	1		04/18/2025	0			35	SKU-192		6	
1	1.76	2		01/13/2020	.1			6	SKU-296		1	
1	99.75	2		06/04/2023	0			9	SKU-199		5	
1	6.95	2		10/31/2024	0			6	SKU-928		1	
1	17.96	2		04/06/2021	.1			1	SKU-199		1	
1	3.95	1		10/10/2024	0			2	SKU-709		1	
1	1.56	1		02/06/2021	.2			2	SKU-296		1	
1	19.95	2		06/10/2023	0	34.211424999999998419	-118.23052900000000421	28	SKU-199		1	91020
0				01/01/2020				29	SKU-192	2.4		
0				01/01/2020				23	SKU-195	9.6		
0				01/01/2020				5	SKU-199	16		
0				01/01/2020				29	SKU-199	16		
0				01/01/2020				6	SKU-204	37.2		
0				01/01/2020				17	SKU-204	2.4		
0				01/01/2020				6	SKU-296	2.4		
0				01/01/2020				26	SKU-296	2.4		
0				01/01/2020				29	SKU-296	2.4		
0				01/01/2020				35	SKU-451	1		
0				01/01/2020				1	SKU-708	5		
0				02/01/2020				15	SKU-203	4.8		
0				02/01/2020				26	SKU-223	21.6		
0				02/01/2020				27	SKU-223	24		
0				02/01/2020				16	SKU-601	23		
0				02/01/2020				23	SKU-708	2		
0				02/01/2020				22	SKU-709	3.2		
0				02/01/2020				28	SKU-709	16		
0				02/01/2020				17	SKU-712	6		
0				02/01/2020				34	SKU-928	52.8		
0				03/01/2020				26	SKU-712	7.2		
0				04/01/2020				9	SKU-204	40.8		
0				04/01/2020				19	SKU-204	20.4		
0				04/01/2020				5	SKU-223	24		
0				04/01/2020				2	SKU-296	2.4		
0				04/01/2020				21	SKU-296	2.4		
0				04/01/2020				24	SKU-296	2.4		
0				04/01/2020				28	SKU-296	2.4		
0				04/01/2020				34	SKU-296	2.4		
0				04/01/2020				6	SKU-601	41		
0				04/01/2020				5	SKU-708	5		
0				04/01/2020				27	SKU-709	11.2		
0				04/01/2020				2	SKU-928	7.2		
0				05/01/2020				25	SKU-195	9.6		
0				05/01/2020				34	SKU-195	10.4		
0				05/01/2020				17	SKU-199	8		
0				05/01/2020				35	SKU-203	4.8		
0				05/01/2020				6	SKU-204	4.8		
0				05/01/2020				27	SKU-222	7.2		
0				05/01/2020				29	SKU-222	21.6		
0				05/01/2020				30	SKU-708	20		
0				05/01/2020				29	SKU-709	8.8		
0				06/01/2020				24	SKU-199	16		
0				06/01/2020				2	SKU-204	4.8		
0				06/01/2020				28	SKU-222	7.2		
0				06/01/2020				5	SKU-223	32.4		
0				06/01/2020				21	SKU-296	2.4		
0				06/01/2020				22	SKU-296	19.2		
0				06/01/2020				2	SKU-601	11		
0				06/01/2020				5	SKU-708	5		
0				06/01/2020				6	SKU-708	5		
0				06/01/2020				17	SKU-708	4		
0				06/01/2020				28	SKU-709	2.4		
0				06/01/2020				5	SKU-928	8.4		
0				07/01/2020				9	SKU-199	16		
0				07/01/2020				32	SKU-199	16		
0				07/01/2020				1	SKU-223	6		
0				07/01/2020				6	SKU-223	4.8		
0				07/01/2020				33	SKU-223	42		
0				07/01/2020				2	SKU-296	2.4		
0				07/01/2020				33	SKU-296	2.4		
0				07/01/2020				30	SKU-601	21		
0				07/01/2020				1	SKU-708	4		
0				07/01/2020				2	SKU-709	3.2		
0				07/01/2020				15	SKU-712	57.6		
0				07/01/2020				26	SKU-928	8.4		
0				08/01/2020				29	SKU-101	3		
0				08/01/2020				29	SKU-199	48		
0				08/01/2020				1	SKU-203	9.6		
0				08/01/2020				27	SKU-223	15.6		
0				08/01/2020				18	SKU-287	1.2		
0				08/01/2020				10	SKU-708	9		
0				08/01/2020				35	SKU-708	5		
0				08/01/2020				12	SKU-900	7.2		
0				08/01/2020				6	SKU-928	7.2		
0				09/01/2020				2	SKU-199	16		
0				09/01/2020				29	SKU-199	16		
0				09/01/2020				21	SKU-222	7.2		
0				09/01/2020				35	SKU-222	7.2		
0				09/01/2020				19	SKU-287	2.4		
0				09/01/2020				6	SKU-296	2.4		
0				09/01/2020				33	SKU-296	2.4		
0				09/01/2020				12	SKU-601	23		
0				09/01/2020				29	SKU-900	5.6		
0				10/01/2020				29	SKU-222	6		
0				10/01/2020				4	SKU-601	161		
0				10/01/2020				1	SKU-708	5		
0				10/01/2020				35	SKU-708	18		
0				10/01/2020				29	SKU-709	3.2		
0				10/01/2020				27	SKU-928	8.4		
0				10/01/2020				28	SKU-928	8.4		
0				11/01/2020				8	SKU-199	11.52		
0				11/01/2020				20	SKU-204	4.8		
0				11/01/2020				12	SKU-451	1		
0				11/01/2020				2	SKU-601	23		
0				11/01/2020				6	SKU-708	5		
0				11/01/2020				34	SKU-708	5		
0				11/01/2020				29	SKU-900	7.2		
0				11/01/2020				18	SKU-928	33.6		
0				12/01/2020				29	SKU-101	3		
0				12/01/2020				21	SKU-192	10.8		
0				12/01/2020				2	SKU-195	10.4		
0				12/01/2020				30	SKU-199	16		
0				12/01/2020				26	SKU-203	2.4		
0				12/01/2020				2	SKU-222	43.2		
0				12/01/2020				9	SKU-223	6		
0				12/01/2020				2	SKU-296	2.4		
0				12/01/2020				4	SKU-296	2.4		
0				12/01/2020				3	SKU-601	27.6		
0				12/01/2020				29	SKU-601	55		
0				12/01/2020				34	SKU-601	23		
0				12/01/2020				1	SKU-708	5		
0				12/01/2020				17	SKU-708	4		
0				01/01/2021				29	SKU-199	14.4		
0				01/01/2021				8	SKU-222	5.76		
0				01/01/2021				21	SKU-223	6		
0				01/01/2021				4	SKU-296	2.4		
0				01/01/2021				10	SKU-296	2.4		
0				01/01/2021				5	SKU-601	23		
0				01/01/2021				9	SKU-601	21		
0				01/01/2021				28	SKU-601	21		
0				01/01/2021				4	SKU-708	4		
0				01/01/2021				27	SKU-708	15		
0				02/01/2021				28	SKU-223	36		
0				02/01/2021				35	SKU-223	4.8		
0				02/01/2021				2	SKU-296	2.4		
0				02/01/2021				1	SKU-601	23		
0				02/01/2021				2	SKU-708	5		
0				02/01/2021				10	SKU-900	7.2		
0				02/01/2021				34	SKU-928	8.4		
0				03/01/2021				13	SKU-101	3		
0				03/01/2021				28	SKU-101	5		
0				03/01/2021				9	SKU-199	8		
0				03/01/2021				4	SKU-296	2.4		
0				03/01/2021				20	SKU-296	2.4		
0				03/01/2021				28	SKU-296	12		
0				03/01/2021				23	SKU-601	23		
0				03/01/2021				33	SKU-601	11		
0				03/01/2021				4	SKU-708	5		
0				03/01/2021				28	SKU-708	25		
0				03/01/2021				32	SKU-708	4		
0				03/01/2021				4	SKU-709	3.2		
0				03/01/2021				15	SKU-712	7.2		
0				03/01/2021				27	SKU-712	7.2		
0				03/01/2021				26	SKU-900	7.2		
0				03/01/2021				34	SKU-900	7.2		
0				03/01/2021				7	SKU-928	3.6		
0				04/01/2021				1	SKU-199	14.4		
0				04/01/2021				30	SKU-199	14.4		
0				04/01/2021				30	SKU-223	48		
0				04/01/2021				1	SKU-287	2.4		
0				04/01/2021				34	SKU-287	2.4		
0				04/01/2021				9	SKU-296	10.8		
0				04/01/2021				29	SKU-451	1		
0				05/01/2021				32	SKU-195	10.4		
0				05/01/2021				25	SKU-199	14.4		
0				05/01/2021				4	SKU-222	7.2		
0				05/01/2021				23	SKU-222	7.2		
0				05/01/2021				3	SKU-223	7.2		
0				05/01/2021				34	SKU-287	2.4		
0				05/01/2021				6	SKU-296	2.4		
0				05/01/2021				33	SKU-601	18		
0				05/01/2021				4	SKU-709	14.4		
0				05/01/2021				29	SKU-709	3.2		
0				05/01/2021				8	SKU-900	46.08		
0				05/01/2021				33	SKU-928	8.4		
0				06/01/2021				25	SKU-203	4.8		
0				06/01/2021				1	SKU-204	37.2		
0				06/01/2021				1	SKU-222	7.2		
0				06/01/2021				29	SKU-223	4.8		
0				06/01/2021				4	SKU-601	21		
0				06/01/2021				26	SKU-708	4		
0				06/01/2021				9	SKU-709	1.6		
0				06/01/2021				28	SKU-709	3.2		
0				06/01/2021				20	SKU-900	7.2		
0				06/01/2021				29	SKU-900	7.2		
0				07/01/2021				22	SKU-101	3		
0				07/01/2021				5	SKU-195	41.6		
0				07/01/2021				14	SKU-199	14.4		
0				07/01/2021				24	SKU-199	115.2		
0				07/01/2021				34	SKU-199	72		
0				07/01/2021				28	SKU-296	16.8		
0				07/01/2021				17	SKU-451	1		
0				07/01/2021				1	SKU-601	21		
0				07/01/2021				4	SKU-601	18		
0				07/01/2021				6	SKU-601	92		
0				07/01/2021				12	SKU-601	23		
0				07/01/2021				29	SKU-708	4		
0				07/01/2021				2	SKU-709	3.2		
0				07/01/2021				5	SKU-709	3.2		
0				07/01/2021				12	SKU-900	7.2		
0				07/01/2021				32	SKU-900	7.2		
0				08/01/2021				2	SKU-222	7.2		
0				08/01/2021				29	SKU-222	7.2		
0				08/01/2021				34	SKU-223	36		
0				08/01/2021				1	SKU-708	10		
0				08/01/2021				13	SKU-708	4		
0				08/01/2021				6	SKU-709	3.2		
0				09/01/2021				9	SKU-101	3		
0				09/01/2021				25	SKU-101	3		
0				09/01/2021				2	SKU-192	18		
0				09/01/2021				27	SKU-199	14.4		
0				09/01/2021				9	SKU-223	42		
0				09/01/2021				20	SKU-296	2.4		
0				09/01/2021				2	SKU-451	1		
0				09/01/2021				1	SKU-601	21		
0				09/01/2021				34	SKU-601	21		
0				09/01/2021				27	SKU-708	4		
0				09/01/2021				29	SKU-708	4		
0				09/01/2021				24	SKU-709	3.2		
0				09/01/2021				8	SKU-900	19.84		
0				09/01/2021				28	SKU-900	6.4		
0				09/01/2021				6	SKU-928	52.8		
0				10/01/2021				26	SKU-101	3		
0				10/01/2021				6	SKU-199	112		
0				10/01/2021				3	SKU-204	12.96		
0				10/01/2021				6	SKU-222	7.2		
0				10/01/2021				5	SKU-223	6		
0				10/01/2021				34	SKU-223	6		
0				10/01/2021				29	SKU-287	2.4		
0				10/01/2021				23	SKU-601	18		
0				10/01/2021				29	SKU-709	3.2		
0				10/01/2021				13	SKU-712	7.2		
0				10/01/2021				30	SKU-712	14.4		
0				10/01/2021				24	SKU-900	7.2		
0				10/01/2021				2	SKU-928	8.4		
0				11/01/2021				2	SKU-199	14.4		
0				11/01/2021				4	SKU-199	16		
0				11/01/2021				3	SKU-204	5.76		
0				11/01/2021				34	SKU-204	4.8		
0				11/01/2021				2	SKU-222	32.4		
0				11/01/2021				27	SKU-222	13.2		
0				11/01/2021				9	SKU-223	42		
0				11/01/2021				26	SKU-223	6		
0				11/01/2021				5	SKU-287	2.4		
0				11/01/2021				32	SKU-296	2.4		
0				11/01/2021				1	SKU-708	5		
0				11/01/2021				14	SKU-708	5		
0				11/01/2021				35	SKU-928	8.4		
0				12/01/2021				4	SKU-199	16		
0				12/01/2021				32	SKU-204	4.8		
0				12/01/2021				12	SKU-222	6		
0				12/01/2021				2	SKU-287	2.4		
0				12/01/2021				29	SKU-296	2.4		
0				12/01/2021				4	SKU-601	18		
0				12/01/2021				26	SKU-601	21		
0				12/01/2021				29	SKU-601	23		
0				12/01/2021				6	SKU-708	5		
0				12/01/2021				4	SKU-900	21.6		
0				12/01/2021				2	SKU-928	8.4		
0				12/01/2021				33	SKU-928	8.4		
0				01/01/2022				28	SKU-101	3		
0				01/01/2022				6	SKU-195	10.4		
0				01/01/2022				2	SKU-203	9.6		
0				01/01/2022				9	SKU-222	6		
0				01/01/2022				26	SKU-223	6		
0				01/01/2022				26	SKU-296	7.2		
0				01/01/2022				29	SKU-296	2.4		
0				01/01/2022				35	SKU-296	2.4		
0				01/01/2022				1	SKU-601	21		
0				01/01/2022				2	SKU-601	21		
0				01/01/2022				6	SKU-708	4		
0				01/01/2022				13	SKU-708	5		
0				01/01/2022				4	SKU-709	12.8		
0				01/01/2022				19	SKU-900	6.4		
0				01/01/2022				35	SKU-900	6.4		
0				02/01/2022				22	SKU-101	3		
0				02/01/2022				35	SKU-101	3		
0				02/01/2022				26	SKU-195	36		
0				02/01/2022				6	SKU-222	6		
0				02/01/2022				35	SKU-296	2.4		
0				02/01/2022				3	SKU-601	27.6		
0				02/01/2022				8	SKU-712	4.8		
0				02/01/2022				27	SKU-900	45.6		
0				03/01/2022				34	SKU-192	3.6		
0				03/01/2022				5	SKU-199	28.8		
0				03/01/2022				28	SKU-199	16		
0				03/01/2022				29	SKU-199	96		
0				03/01/2022				15	SKU-222	6		
0				03/01/2022				21	SKU-223	48		
0				03/01/2022				16	SKU-287	19.2		
0				03/01/2022				2	SKU-296	2.4		
0				03/01/2022				26	SKU-296	9.6		
0				03/01/2022				28	SKU-296	4.8		
0				03/01/2022				5	SKU-601	21		
0				03/01/2022				26	SKU-601	23		
0				03/01/2022				29	SKU-708	5		
0				03/01/2022				3	SKU-709	1.92		
0				03/01/2022				29	SKU-928	8.4		
0				04/01/2022				14	SKU-101	3		
0				04/01/2022				22	SKU-101	3		
0				04/01/2022				26	SKU-195	52		
0				04/01/2022				12	SKU-199	16		
0				04/01/2022				35	SKU-199	16		
0				04/01/2022				29	SKU-222	7.2		
0				04/01/2022				6	SKU-223	4.8		
0				04/01/2022				35	SKU-223	4.8		
0				04/01/2022				2	SKU-287	2.4		
0				04/01/2022				13	SKU-287	2.4		
0				04/01/2022				4	SKU-296	2.4		
0				04/01/2022				5	SKU-601	21		
0				04/01/2022				6	SKU-601	23		
0				04/01/2022				2	SKU-708	5		
0				04/01/2022				18	SKU-708	5		
0				05/01/2022				15	SKU-101	6		
0				05/01/2022				24	SKU-101	3		
0				05/01/2022				12	SKU-199	14.4		
0				05/01/2022				2	SKU-204	4.8		
0				05/01/2022				28	SKU-223	24		
0				05/01/2022				35	SKU-223	6		
0				05/01/2022				17	SKU-287	2.4		
0				05/01/2022				29	SKU-296	2.4		
0				05/01/2022				12	SKU-900	6.4		
0				06/01/2022				13	SKU-222	7.2		
0				06/01/2022				34	SKU-222	7.2		
0				06/01/2022				2	SKU-223	4.8		
0				06/01/2022				25	SKU-296	9.6		
0				06/01/2022				9	SKU-601	21		
0				06/01/2022				2	SKU-708	5		
0				06/01/2022				9	SKU-708	5		
0				06/01/2022				14	SKU-708	5		
0				06/01/2022				34	SKU-708	5		
0				07/01/2022				12	SKU-192	25.2		
0				07/01/2022				4	SKU-199	16		
0				07/01/2022				6	SKU-199	16		
0				07/01/2022				1	SKU-222	6		
0				07/01/2022				3	SKU-223	5.76		
0				07/01/2022				2	SKU-296	2.4		
0				07/01/2022				34	SKU-296	7.2		
0				07/01/2022				35	SKU-296	2.4		
0				07/01/2022				1	SKU-601	39		
0				07/01/2022				9	SKU-601	23		
0				07/01/2022				15	SKU-601	21		
0				07/01/2022				30	SKU-708	4		
0				07/01/2022				4	SKU-709	3.2		
0				07/01/2022				18	SKU-712	43.2		
0				07/01/2022				27	SKU-712	7.2		
0				08/01/2022				9	SKU-101	3		
0				08/01/2022				28	SKU-101	3		
0				08/01/2022				33	SKU-101	3		
0				08/01/2022				26	SKU-199	14.4		
0				08/01/2022				29	SKU-199	16		
0				08/01/2022				2	SKU-203	9.6		
0				08/01/2022				6	SKU-222	13.2		
0				08/01/2022				13	SKU-222	3.6		
0				08/01/2022				20	SKU-222	7.2		
0				08/01/2022				13	SKU-223	6		
0				08/01/2022				29	SKU-223	48		
0				08/01/2022				26	SKU-451	4		
0				08/01/2022				13	SKU-601	23		
0				08/01/2022				34	SKU-601	18		
0				08/01/2022				6	SKU-708	23		
0				08/01/2022				14	SKU-900	7.2		
0				08/01/2022				26	SKU-900	6.4		
0				09/01/2022				9	SKU-101	3		
0				09/01/2022				13	SKU-101	1		
0				09/01/2022				23	SKU-101	3		
0				09/01/2022				28	SKU-101	3		
0				09/01/2022				22	SKU-195	8		
0				09/01/2022				29	SKU-199	14.4		
0				09/01/2022				34	SKU-204	4.8		
0				09/01/2022				1	SKU-223	6		
0				09/01/2022				5	SKU-287	2.4		
0				09/01/2022				12	SKU-287	2.4		
0				09/01/2022				6	SKU-601	23		
0				09/01/2022				23	SKU-708	5		
0				09/01/2022				14	SKU-712	7.2		
0				09/01/2022				24	SKU-900	6.4		
0				09/01/2022				34	SKU-928	8.4		
0				10/01/2022				25	SKU-101	3		
0				10/01/2022				2	SKU-199	128		
0				10/01/2022				15	SKU-199	16		
0				10/01/2022				34	SKU-199	14.4		
0				10/01/2022				9	SKU-296	2.4		
0				10/01/2022				21	SKU-451	1		
0				10/01/2022				4	SKU-601	23		
0				10/01/2022				34	SKU-601	124		
0				10/01/2022				29	SKU-708	4		
0				10/01/2022				35	SKU-708	4		
0				10/01/2022				24	SKU-709	3.2		
0				10/01/2022				29	SKU-709	3.2		
0				10/01/2022				14	SKU-900	14.4		
0				11/01/2022				26	SKU-101	3		
0				11/01/2022				1	SKU-192	3.6		
0				11/01/2022				2	SKU-222	7.2		
0				11/01/2022				2	SKU-223	4.8		
0				11/01/2022				13	SKU-223	48		
0				11/01/2022				19	SKU-287	2.4		
0				11/01/2022				5	SKU-296	2.4		
0				11/01/2022				26	SKU-708	5		
0				11/01/2022				1	SKU-900	7.2		
0				11/01/2022				2	SKU-900	14.4		
0				12/01/2022				12	SKU-101	3		
0				12/01/2022				20	SKU-101	3		
0				12/01/2022				29	SKU-101	3		
0				12/01/2022				33	SKU-199	57.6		
0				12/01/2022				4	SKU-204	4.8		
0				12/01/2022				6	SKU-204	4.8		
0				12/01/2022				34	SKU-204	4.8		
0				12/01/2022				1	SKU-222	6		
0				12/01/2022				26	SKU-223	6		
0				12/01/2022				29	SKU-287	2.4		
0				12/01/2022				3	SKU-296	2.88		
0				12/01/2022				29	SKU-296	2.4		
0				12/01/2022				34	SKU-296	19.2		
0				12/01/2022				9	SKU-709	6.4		
0				12/01/2022				35	SKU-928	52.8		
0				01/01/2023				18	SKU-101	3		
0				01/01/2023				26	SKU-192	3.6		
0				01/01/2023				6	SKU-195	10.4		
0				01/01/2023				34	SKU-199	32		
0				01/01/2023				29	SKU-223	6		
0				01/01/2023				3	SKU-296	2.88		
0				01/01/2023				5	SKU-601	23		
0				01/01/2023				25	SKU-601	83		
0				01/01/2023				5	SKU-709	12.8		
0				01/01/2023				8	SKU-709	2.56		
0				01/01/2023				2	SKU-928	8.4		
0				01/01/2023				12	SKU-928	8.4		
0				02/01/2023				33	SKU-101	3		
0				02/01/2023				9	SKU-199	14.4		
0				02/01/2023				12	SKU-199	16		
0				02/01/2023				29	SKU-222	36		
0				02/01/2023				18	SKU-296	2.4		
0				02/01/2023				2	SKU-601	18		
0				02/01/2023				4	SKU-601	23		
0				02/01/2023				28	SKU-601	21		
0				02/01/2023				33	SKU-601	23		
0				02/01/2023				1	SKU-708	18		
0				02/01/2023				3	SKU-709	1.92		
0				02/01/2023				1	SKU-900	34.4		
0				03/01/2023				27	SKU-101	3		
0				03/01/2023				17	SKU-192	18		
0				03/01/2023				33	SKU-199	14.4		
0				03/01/2023				26	SKU-222	7.2		
0				03/01/2023				12	SKU-287	2.4		
0				03/01/2023				6	SKU-296	14.4		
0				03/01/2023				33	SKU-296	2.4		
0				03/01/2023				1	SKU-601	69		
0				03/01/2023				3	SKU-601	21.6		
0				03/01/2023				4	SKU-601	23		
0				03/01/2023				6	SKU-601	23		
0				03/01/2023				12	SKU-709	3.2		
0				03/01/2023				34	SKU-709	22.4		
0				03/01/2023				19	SKU-712	7.2		
0				03/01/2023				26	SKU-900	7.2		
0				04/01/2023				1	SKU-199	16		
0				04/01/2023				23	SKU-199	16		
0				04/01/2023				9	SKU-204	4.8		
0				04/01/2023				34	SKU-204	4.8		
0				04/01/2023				1	SKU-222	7.2		
0				04/01/2023				14	SKU-222	6		
0				04/01/2023				29	SKU-222	28.8		
0				04/01/2023				6	SKU-223	2.4		
0				04/01/2023				10	SKU-223	6		
0				04/01/2023				9	SKU-287	2.4		
0				04/01/2023				14	SKU-708	5		
0				04/01/2023				28	SKU-708	2		
0				04/01/2023				34	SKU-708	5		
0				04/01/2023				29	SKU-900	7.2		
0				05/01/2023				34	SKU-199	32		
0				05/01/2023				1	SKU-204	4.8		
0				05/01/2023				9	SKU-204	4.8		
0				05/01/2023				35	SKU-204	20.4		
0				05/01/2023				2	SKU-222	7.2		
0				05/01/2023				12	SKU-296	10.8		
0				05/01/2023				23	SKU-296	2.4		
0				05/01/2023				29	SKU-296	2.4		
0				05/01/2023				9	SKU-451	1		
0				05/01/2023				32	SKU-601	110		
0				05/01/2023				28	SKU-708	4		
0				05/01/2023				29	SKU-708	5		
0				05/01/2023				29	SKU-900	7.2		
0				05/01/2023				35	SKU-928	16.8		
0				06/01/2023				35	SKU-101	3		
0				06/01/2023				9	SKU-199	80		
0				06/01/2023				28	SKU-199	16		
0				06/01/2023				9	SKU-204	32.4		
0				06/01/2023				28	SKU-222	7.2		
0				06/01/2023				34	SKU-222	7.2		
0				06/01/2023				13	SKU-287	2.4		
0				06/01/2023				12	SKU-296	2.4		
0				06/01/2023				30	SKU-296	10.8		
0				06/01/2023				13	SKU-601	23		
0				06/01/2023				19	SKU-601	21		
0				06/01/2023				22	SKU-601	18		
0				06/01/2023				2	SKU-709	3.2		
0				06/01/2023				28	SKU-709	3.2		
0				06/01/2023				4	SKU-900	7.2		
0				06/01/2023				6	SKU-928	8.4		
0				07/01/2023				16	SKU-199	8		
0				07/01/2023				20	SKU-199	14.4		
0				07/01/2023				28	SKU-203	3.6		
0				07/01/2023				1	SKU-204	4.8		
0				07/01/2023				21	SKU-222	7.2		
0				07/01/2023				28	SKU-222	7.2		
0				07/01/2023				1	SKU-223	6		
0				07/01/2023				34	SKU-223	6		
0				07/01/2023				3	SKU-296	2.88		
0				07/01/2023				28	SKU-601	103		
0				07/01/2023				1	SKU-708	5		
0				07/01/2023				26	SKU-708	45		
0				07/01/2023				1	SKU-709	3.2		
0				07/01/2023				3	SKU-709	3.84		
0				07/01/2023				20	SKU-709	3.2		
0				07/01/2023				22	SKU-709	3.2		
0				07/01/2023				22	SKU-900	7.2		
0				07/01/2023				28	SKU-928	7.2		
0				08/01/2023				15	SKU-199	14.4		
0				08/01/2023				2	SKU-204	4.8		
0				08/01/2023				4	SKU-222	50.4		
0				08/01/2023				23	SKU-222	7.2		
0				08/01/2023				15	SKU-223	30		
0				08/01/2023				16	SKU-223	2.4		
0				08/01/2023				5	SKU-601	23		
0				08/01/2023				21	SKU-601	23		
0				08/01/2023				27	SKU-709	2.4		
0				08/01/2023				29	SKU-709	3.2		
0				08/01/2023				30	SKU-709	1.6		
0				08/01/2023				12	SKU-900	6.4		
0				08/01/2023				29	SKU-900	7.2		
0				08/01/2023				4	SKU-928	7.2		
0				09/01/2023				1	SKU-199	14.4		
0				09/01/2023				28	SKU-222	12		
0				09/01/2023				35	SKU-222	7.2		
0				09/01/2023				22	SKU-223	4.8		
0				09/01/2023				3	SKU-287	2.88		
0				09/01/2023				1	SKU-601	23		
0				09/01/2023				6	SKU-601	21		
0				09/01/2023				6	SKU-708	4		
0				09/01/2023				29	SKU-708	4		
0				09/01/2023				13	SKU-709	3.2		
0				09/01/2023				14	SKU-709	3.2		
0				09/01/2023				29	SKU-900	6.4		
0				09/01/2023				29	SKU-928	8.4		
0				10/01/2023				6	SKU-199	96		
0				10/01/2023				10	SKU-199	16		
0				10/01/2023				28	SKU-199	14.4		
0				10/01/2023				1	SKU-204	4.8		
0				10/01/2023				35	SKU-223	4.8		
0				10/01/2023				25	SKU-287	14.4		
0				10/01/2023				35	SKU-296	2.4		
0				10/01/2023				34	SKU-601	138		
0				10/01/2023				25	SKU-708	5		
0				10/01/2023				30	SKU-708	15		
0				10/01/2023				33	SKU-708	5		
0				10/01/2023				1	SKU-709	3.2		
0				10/01/2023				2	SKU-928	7.2		
0				10/01/2023				14	SKU-928	7.2		
0				10/01/2023				29	SKU-928	58.8		
0				11/01/2023				26	SKU-101	3		
0				11/01/2023				12	SKU-199	12.8		
0				11/01/2023				1	SKU-204	4.8		
0				11/01/2023				29	SKU-222	7.2		
0				11/01/2023				30	SKU-223	6		
0				11/01/2023				12	SKU-296	2.4		
0				11/01/2023				13	SKU-708	5		
0				11/01/2023				14	SKU-928	8.4		
0				12/01/2023				3	SKU-192	2.88		
0				12/01/2023				21	SKU-195	62.4		
0				12/01/2023				35	SKU-204	4.8		
0				12/01/2023				1	SKU-223	4.8		
0				12/01/2023				27	SKU-223	43.2		
0				12/01/2023				30	SKU-287	2.4		
0				12/01/2023				12	SKU-451	1		
0				12/01/2023				1	SKU-601	23		
0				12/01/2023				2	SKU-601	18		
0				12/01/2023				4	SKU-708	5		
0				12/01/2023				4	SKU-709	3.2		
0				12/01/2023				14	SKU-900	44.8		
0				12/01/2023				27	SKU-928	8.4		
0				01/01/2024				26	SKU-101	3		
0				01/01/2024				2	SKU-199	16		
0				01/01/2024				28	SKU-199	16		
0				01/01/2024				1	SKU-222	21.6		
0				01/01/2024				13	SKU-222	6		
0				01/01/2024				35	SKU-222	25.2		
0				01/01/2024				21	SKU-223	6		
0				01/01/2024				27	SKU-223	4.8		
0				01/01/2024				21	SKU-287	2.4		
0				01/01/2024				5	SKU-296	16.8		
0				01/01/2024				15	SKU-296	2.4		
0				01/01/2024				14	SKU-601	23		
0				01/01/2024				29	SKU-708	4		
0				01/01/2024				28	SKU-928	7.2		
0				01/01/2024				34	SKU-928	8.4		
0				02/01/2024				20	SKU-101	3		
0				02/01/2024				1	SKU-199	16		
0				02/01/2024				3	SKU-199	17.28		
0				02/01/2024				6	SKU-199	14.4		
0				02/01/2024				21	SKU-199	48		
0				02/01/2024				35	SKU-199	64		
0				02/01/2024				1	SKU-204	4.8		
0				02/01/2024				12	SKU-223	4.8		
0				02/01/2024				27	SKU-223	4.8		
0				02/01/2024				30	SKU-601	23		
0				02/01/2024				8	SKU-708	4		
0				02/01/2024				28	SKU-708	5		
0				02/01/2024				30	SKU-709	3.2		
0				02/01/2024				2	SKU-928	7.2		
0				02/01/2024				22	SKU-928	7.2		
0				02/01/2024				35	SKU-928	7.2		
0				03/01/2024				29	SKU-195	9.6		
0				03/01/2024				2	SKU-199	16		
0				03/01/2024				14	SKU-199	12.8		
0				03/01/2024				26	SKU-199	14.4		
0				03/01/2024				29	SKU-199	14.4		
0				03/01/2024				1	SKU-222	3.6		
0				03/01/2024				2	SKU-222	6		
0				03/01/2024				9	SKU-222	6		
0				03/01/2024				15	SKU-222	36		
0				03/01/2024				28	SKU-223	4.8		
0				03/01/2024				34	SKU-223	4.8		
0				03/01/2024				5	SKU-287	2.4		
0				03/01/2024				1	SKU-296	2.4		
0				03/01/2024				13	SKU-296	2.4		
0				03/01/2024				19	SKU-296	2.4		
0				03/01/2024				10	SKU-601	115		
0				03/01/2024				2	SKU-709	3.2		
0				03/01/2024				28	SKU-928	7.2		
0				04/01/2024				13	SKU-192	3.6		
0				04/01/2024				9	SKU-199	16		
0				04/01/2024				13	SKU-199	115.2		
0				04/01/2024				6	SKU-222	7.2		
0				04/01/2024				29	SKU-222	7.2		
0				04/01/2024				33	SKU-222	6		
0				04/01/2024				9	SKU-223	4.8		
0				04/01/2024				28	SKU-223	6		
0				04/01/2024				26	SKU-451	1		
0				04/01/2024				4	SKU-601	23		
0				04/01/2024				6	SKU-601	23		
0				04/01/2024				24	SKU-601	21		
0				04/01/2024				29	SKU-601	23		
0				04/01/2024				34	SKU-601	23		
0				04/01/2024				1	SKU-708	5		
0				04/01/2024				2	SKU-708	5		
0				04/01/2024				18	SKU-708	5		
0				04/01/2024				27	SKU-708	5		
0				04/01/2024				2	SKU-928	8.4		
0				05/01/2024				9	SKU-192	3.6		
0				05/01/2024				33	SKU-204	4.8		
0				05/01/2024				28	SKU-222	7.2		
0				05/01/2024				35	SKU-222	7.2		
0				05/01/2024				1	SKU-223	12		
0				05/01/2024				13	SKU-223	4.8		
0				05/01/2024				29	SKU-223	6		
0				05/01/2024				2	SKU-287	2.4		
0				05/01/2024				6	SKU-287	2.4		
0				05/01/2024				14	SKU-296	16.8		
0				05/01/2024				22	SKU-601	23		
0				05/01/2024				26	SKU-601	34		
0				05/01/2024				34	SKU-601	21		
0				05/01/2024				34	SKU-708	5		
0				05/01/2024				1	SKU-709	9.6		
0				05/01/2024				29	SKU-709	16		
0				05/01/2024				9	SKU-900	7.2		
0				05/01/2024				28	SKU-900	6.4		
0				05/01/2024				2	SKU-928	8.4		
0				05/01/2024				29	SKU-928	8.4		
0				06/01/2024				29	SKU-101	6		
0				06/01/2024				1	SKU-199	16		
0				06/01/2024				1	SKU-204	4.8		
0				06/01/2024				14	SKU-204	4.8		
0				06/01/2024				6	SKU-223	2.4		
0				06/01/2024				26	SKU-223	6		
0				06/01/2024				34	SKU-287	2.4		
0				06/01/2024				29	SKU-296	2.4		
0				06/01/2024				34	SKU-296	14.4		
0				06/01/2024				1	SKU-601	23		
0				06/01/2024				34	SKU-601	18		
0				06/01/2024				22	SKU-708	9		
0				06/01/2024				14	SKU-709	3.2		
0				06/01/2024				15	SKU-900	5.6		
0				06/01/2024				23	SKU-900	6.4		
0				06/01/2024				27	SKU-928	8.4		
0				07/01/2024				17	SKU-101	9		
0				07/01/2024				22	SKU-192	3.6		
0				07/01/2024				1	SKU-203	4.8		
0				07/01/2024				1	SKU-204	4.8		
0				07/01/2024				12	SKU-204	4.8		
0				07/01/2024				33	SKU-204	4.8		
0				07/01/2024				11	SKU-223	6		
0				07/01/2024				14	SKU-296	2.4		
0				07/01/2024				29	SKU-296	2.4		
0				07/01/2024				6	SKU-601	23		
0				07/01/2024				14	SKU-708	27		
0				07/01/2024				18	SKU-709	19.2		
0				07/01/2024				28	SKU-709	3.2		
0				07/01/2024				22	SKU-712	6		
0				07/01/2024				27	SKU-712	6		
0				07/01/2024				5	SKU-900	7.2		
0				07/01/2024				34	SKU-900	6.4		
0				07/01/2024				29	SKU-928	7.2		
0				07/01/2024				33	SKU-928	8.4		
0				08/01/2024				26	SKU-101	3		
0				08/01/2024				27	SKU-101	3		
0				08/01/2024				35	SKU-101	16		
0				08/01/2024				4	SKU-199	16		
0				08/01/2024				24	SKU-203	38.4		
0				08/01/2024				6	SKU-204	40.8		
0				08/01/2024				18	SKU-222	6		
0				08/01/2024				19	SKU-222	14.4		
0				08/01/2024				1	SKU-223	4.8		
0				08/01/2024				4	SKU-223	4.8		
0				08/01/2024				6	SKU-223	6		
0				08/01/2024				2	SKU-296	2.4		
0				08/01/2024				8	SKU-601	73.6		
0				08/01/2024				12	SKU-601	18		
0				08/01/2024				2	SKU-708	15		
0				08/01/2024				10	SKU-708	5		
0				08/01/2024				34	SKU-708	4		
0				08/01/2024				28	SKU-900	6.4		
0				08/01/2024				29	SKU-900	7.2		
0				09/01/2024				6	SKU-195	72.8		
0				09/01/2024				2	SKU-204	4.8		
0				09/01/2024				1	SKU-222	7.2		
0				09/01/2024				5	SKU-222	7.2		
0				09/01/2024				28	SKU-222	7.2		
0				09/01/2024				35	SKU-222	6		
0				09/01/2024				13	SKU-223	4.8		
0				09/01/2024				19	SKU-223	10.8		
0				09/01/2024				19	SKU-296	2.4		
0				09/01/2024				20	SKU-296	19.2		
0				09/01/2024				29	SKU-296	2.4		
0				09/01/2024				18	SKU-601	23		
0				09/01/2024				20	SKU-601	23		
0				09/01/2024				5	SKU-708	20		
0				09/01/2024				29	SKU-708	5		
0				09/01/2024				4	SKU-709	19.2		
0				09/01/2024				34	SKU-709	3.2		
0				09/01/2024				24	SKU-712	6		
0				09/01/2024				1	SKU-900	7.2		
0				09/01/2024				12	SKU-928	8.4		
0				10/01/2024				2	SKU-199	16		
0				10/01/2024				14	SKU-199	12.8		
0				10/01/2024				6	SKU-204	2.4		
0				10/01/2024				9	SKU-204	4.8		
0				10/01/2024				12	SKU-223	6		
0				10/01/2024				14	SKU-296	2.4		
0				10/01/2024				9	SKU-601	21		
0				10/01/2024				15	SKU-601	21		
0				10/01/2024				18	SKU-708	5		
0				10/01/2024				2	SKU-709	3.2		
0				10/01/2024				9	SKU-709	3.2		
0				10/01/2024				23	SKU-709	3.2		
0				10/01/2024				2	SKU-928	8.4		
0				10/01/2024				6	SKU-928	8.4		
0				11/01/2024				17	SKU-101	3		
0				11/01/2024				35	SKU-195	10.4		
0				11/01/2024				4	SKU-222	6		
0				11/01/2024				32	SKU-223	6		
0				11/01/2024				1	SKU-287	2.4		
0				11/01/2024				23	SKU-296	2.4		
0				11/01/2024				22	SKU-601	23		
0				11/01/2024				28	SKU-601	23		
0				11/01/2024				34	SKU-601	23		
0				11/01/2024				2	SKU-708	5		
0				11/01/2024				34	SKU-708	5		
0				11/01/2024				2	SKU-900	6.4		
0				12/01/2024				29	SKU-101	3		
0				12/01/2024				20	SKU-192	3.6		
0				12/01/2024				12	SKU-203	21.6		
0				12/01/2024				26	SKU-203	4.8		
0				12/01/2024				34	SKU-223	4.8		
0				12/01/2024				5	SKU-287	4.8		
0				12/01/2024				18	SKU-601	115		
0				12/01/2024				29	SKU-601	129		
0				12/01/2024				34	SKU-601	23		
0				12/01/2024				1	SKU-708	5		
0				12/01/2024				23	SKU-708	4		
0				12/01/2024				29	SKU-708	4		
0				12/01/2024				29	SKU-712	7.2		
0				12/01/2024				2	SKU-900	7.2		
0				12/01/2024				12	SKU-900	7.2		
0				12/01/2024				34	SKU-900	7.2		
0				01/01/2025				26	SKU-101	3.3		
0				01/01/2025				2	SKU-199	17.6		
0				01/01/2025				28	SKU-199	17.6		
0				01/01/2025				1	SKU-222	23.76		
0				01/01/2025				13	SKU-222	6.6		
0				01/01/2025				35	SKU-222	27.72		
0				01/01/2025				21	SKU-223	6.6		
0				01/01/2025				27	SKU-223	5.28		
0				01/01/2025				21	SKU-287	2.64		
0				01/01/2025				5	SKU-296	18.48		
0				01/01/2025				15	SKU-296	2.64		
0				01/01/2025				14	SKU-601	25.3		
0				01/01/2025				29	SKU-708	4.4		
0				01/01/2025				28	SKU-928	7.92		
0				01/01/2025				34	SKU-928	9.24		
0				02/01/2025				20	SKU-101	3.3		
0				02/01/2025				1	SKU-199	17.6		
0				02/01/2025				3	SKU-199	19.01		
0				02/01/2025				6	SKU-199	15.84		
0				02/01/2025				21	SKU-199	52.8		
0				02/01/2025				35	SKU-199	70.4		
0				02/01/2025				1	SKU-204	5.28		
0				02/01/2025				12	SKU-223	5.28		
0				02/01/2025				27	SKU-223	5.28		
0				02/01/2025				30	SKU-601	25.3		
0				02/01/2025				8	SKU-708	4.4		
0				02/01/2025				28	SKU-708	5.5		
0				02/01/2025				30	SKU-709	3.52		
0				02/01/2025				2	SKU-928	7.92		
0				02/01/2025				22	SKU-928	7.92		
0				02/01/2025				35	SKU-928	7.92		
0				03/01/2025				29	SKU-195	10.56		
0				03/01/2025				2	SKU-199	17.6		
0				03/01/2025				14	SKU-199	14.08		
0				03/01/2025				26	SKU-199	15.84		
0				03/01/2025				29	SKU-199	15.84		
0				03/01/2025				1	SKU-222	3.96		
0				03/01/2025				2	SKU-222	6.6		
0				03/01/2025				9	SKU-222	6.6		
0				03/01/2025				15	SKU-222	39.6		
0				03/01/2025				28	SKU-223	5.28		
0				03/01/2025				34	SKU-223	5.28		
0				03/01/2025				5	SKU-287	2.64		
0				03/01/2025				1	SKU-296	2.64		
0				03/01/2025				13	SKU-296	2.64		
0				03/01/2025				19	SKU-296	2.64		
0				03/01/2025				10	SKU-601	126.5		
0				03/01/2025				2	SKU-709	3.52		
0				03/01/2025				28	SKU-928	7.92		
0				04/01/2025				13	SKU-192	3.96		
0				04/01/2025				9	SKU-199	17.6		
0				04/01/2025				13	SKU-199	126.72		
0				04/01/2025				6	SKU-222	7.92		
0				04/01/2025				29	SKU-222	7.92		
0				04/01/2025				33	SKU-222	6.6		
0				04/01/2025				9	SKU-223	5.28		
0				04/01/2025				28	SKU-223	6.6		
0				04/01/2025				26	SKU-451	1.1		
0				04/01/2025				4	SKU-601	25.3		
0				04/01/2025				6	SKU-601	25.3		
0				04/01/2025				24	SKU-601	23.1		
0				04/01/2025				29	SKU-601	25.3		
0				04/01/2025				34	SKU-601	25.3		
0				04/01/2025				1	SKU-708	5.5		
0				04/01/2025				2	SKU-708	5.5		
0				04/01/2025				18	SKU-708	5.5		
0				04/01/2025				27	SKU-708	5.5		
0				04/01/2025				2	SKU-928	9.24		
0				05/01/2025				9	SKU-192	3.96		
0				05/01/2025				33	SKU-204	5.28		
0				05/01/2025				28	SKU-222	7.92		
0				05/01/2025				35	SKU-222	7.92		
0				05/01/2025				1	SKU-223	13.2		
0				05/01/2025				13	SKU-223	5.28		
0				05/01/2025				29	SKU-223	6.6		
0				05/01/2025				2	SKU-287	2.64		
0				05/01/2025				6	SKU-287	2.64		
0				05/01/2025				14	SKU-296	18.48		
0				05/01/2025				22	SKU-601	25.3		
0				05/01/2025				26	SKU-601	37.4		
0				05/01/2025				34	SKU-601	23.1		
0				05/01/2025				34	SKU-708	5.5		
0				05/01/2025				1	SKU-709	10.56		
0				05/01/2025				29	SKU-709	17.6		
0				05/01/2025				9	SKU-900	7.92		
0				05/01/2025				28	SKU-900	7.04		
0				05/01/2025				2	SKU-928	9.24		
0				05/01/2025				29	SKU-928	9.24		
0				06/01/2025				29	SKU-101	6.6		
0				06/01/2025				1	SKU-199	17.6		
0				06/01/2025				1	SKU-204	5.28		
0				06/01/2025				14	SKU-204	5.28		
0				06/01/2025				6	SKU-223	2.64		
0				06/01/2025				26	SKU-223	6.6		
0				06/01/2025				34	SKU-287	2.64		
0				06/01/2025				29	SKU-296	2.64		
0				06/01/2025				34	SKU-296	15.84		
0				06/01/2025				1	SKU-601	25.3		
0				06/01/2025				34	SKU-601	19.8		
0				06/01/2025				22	SKU-708	9.9		
0				06/01/2025				14	SKU-709	3.52		
0				06/01/2025				15	SKU-900	6.16		
0				06/01/2025				23	SKU-900	7.04		
0				06/01/2025				27	SKU-928	9.24		
0				07/01/2025				17	SKU-101	9.9		
0				07/01/2025				22	SKU-192	3.96		
0				07/01/2025				1	SKU-203	5.28		
0				07/01/2025				1	SKU-204	5.28		
0				07/01/2025				12	SKU-204	5.28		
0				07/01/2025				33	SKU-204	5.28		
0				07/01/2025				11	SKU-223	6.6		
0				07/01/2025				14	SKU-296	2.64		
0				07/01/2025				29	SKU-296	2.64		
0				07/01/2025				6	SKU-601	25.3		
0				07/01/2025				14	SKU-708	29.7		
0				07/01/2025				18	SKU-709	21.12		
0				07/01/2025				28	SKU-709	3.52		
0				07/01/2025				22	SKU-712	6.6		
0				07/01/2025				27	SKU-712	6.6		
0				07/01/2025				5	SKU-900	7.92		
0				07/01/2025				34	SKU-900	7.04		
0				07/01/2025				29	SKU-928	7.92		
0				07/01/2025				33	SKU-928	9.24		
0				08/01/2025				26	SKU-101	3.3		
0				08/01/2025				27	SKU-101	3.3		
0				08/01/2025				35	SKU-101	17.6		
0				08/01/2025				4	SKU-199	17.6		
0				08/01/2025				24	SKU-203	42.24		
0				08/01/2025				6	SKU-204	44.88		
0				08/01/2025				18	SKU-222	6.6		
0				08/01/2025				19	SKU-222	15.84		
0				08/01/2025				1	SKU-223	5.28		
0				08/01/2025				4	SKU-223	5.28		
0				08/01/2025				6	SKU-223	6.6		
0				08/01/2025				2	SKU-296	2.64		
0				08/01/2025				8	SKU-601	80.96		
0				08/01/2025				12	SKU-601	19.8		
0				08/01/2025				2	SKU-708	16.5		
0				08/01/2025				10	SKU-708	5.5		
0				08/01/2025				34	SKU-708	4.4		
0				08/01/2025				28	SKU-900	7.04		
0				08/01/2025				29	SKU-900	7.92		
0				09/01/2025				6	SKU-195	80.08		
0				09/01/2025				2	SKU-204	5.28		
0				09/01/2025				1	SKU-222	7.92		
0				09/01/2025				5	SKU-222	7.92		
0				09/01/2025				28	SKU-222	7.92		
0				09/01/2025				35	SKU-222	6.6		
0				09/01/2025				13	SKU-223	5.28		
0				09/01/2025				19	SKU-223	11.88		
0				09/01/2025				19	SKU-296	2.64		
0				09/01/2025				20	SKU-296	21.12		
0				09/01/2025				29	SKU-296	2.64		
0				09/01/2025				18	SKU-601	25.3		
0				09/01/2025				20	SKU-601	25.3		
0				09/01/2025				5	SKU-708	22		
0				09/01/2025				29	SKU-708	5.5		
0				09/01/2025				4	SKU-709	21.12		
0				09/01/2025				34	SKU-709	3.52		
0				09/01/2025				24	SKU-712	6.6		
0				09/01/2025				1	SKU-900	7.92		
0				09/01/2025				12	SKU-928	9.24		
0				10/01/2025				2	SKU-199	17.6		
0				10/01/2025				14	SKU-199	14.08		
0				10/01/2025				6	SKU-204	2.64		
0				10/01/2025				9	SKU-204	5.28		
0				10/01/2025				12	SKU-223	6.6		
0				10/01/2025				14	SKU-296	2.64		
0				10/01/2025				9	SKU-601	23.1		
0				10/01/2025				15	SKU-601	23.1		
0				10/01/2025				18	SKU-708	5.5		
0				10/01/2025				2	SKU-709	3.52		
0				10/01/2025				9	SKU-709	3.52		
0				10/01/2025				23	SKU-709	3.52		
0				10/01/2025				2	SKU-928	9.24		
0				10/01/2025				6	SKU-928	9.24		
0				11/01/2025				17	SKU-101	3.3		
0				11/01/2025				35	SKU-195	11.44		
0				11/01/2025				4	SKU-222	6.6		
0				11/01/2025				32	SKU-223	6.6		
0				11/01/2025				1	SKU-287	2.64		
0				11/01/2025				23	SKU-296	2.64		
0				11/01/2025				22	SKU-601	25.3		
0				11/01/2025				28	SKU-601	25.3		
0				11/01/2025				34	SKU-601	25.3		
0				11/01/2025				2	SKU-708	5.5		
0				11/01/2025				34	SKU-708	5.5		
0				11/01/2025				2	SKU-900	7.04		
0				12/01/2025				29	SKU-101	3.3		
0				12/01/2025				20	SKU-192	3.96		
0				12/01/2025				12	SKU-203	23.76		
0				12/01/2025				26	SKU-203	5.28		
0				12/01/2025				34	SKU-223	5.28		
0				12/01/2025				5	SKU-287	5.28		
0				12/01/2025				18	SKU-601	126.5		
0				12/01/2025				29	SKU-601	141.9		
0				12/01/2025				34	SKU-601	25.3		
0				12/01/2025				1	SKU-708	5.5		
0				12/01/2025				23	SKU-708	4.4		
0				12/01/2025				29	SKU-708	4.4		
0				12/01/2025				29	SKU-712	7.92		
0				12/01/2025				2	SKU-900	7.92		
0				12/01/2025				12	SKU-900	7.92		
0				12/01/2025				34	SKU-900	7.92		
